prev_ret_1d,prev_ret_5d,vol_5d,vol_20d,rsi_14,n_articles,ret1_std,ret5_std,rsi_norm,vol_ratio,sign_ret1,dow_sin,dow_cos
-0.0057471264367816,0.0,2.3490358819567985e-05,0.0,50.0,71,-244.5548376902294,0.0,0.0,2349.035881956798,-1.0,-0.9510565162951536,0.30901699437494723
-0.0057251908396946,-0.0019157088122605,0.0068929818578352,0.0067816296164507,50.0,77,-0.8305814017735751,-0.2824846085323423,0.0,1.0164181890636608,-1.0,-0.587785252292473,-0.8090169943749475
-0.0172413793103448,-0.0058139534883721,0.009788452011857,0.0088278576416524,50.0,65,-1.7613981940635723,-0.6585909218824496,0.0,1.108812729098054,-1.0,0.0,1.0
-0.0116279069767442,-0.0267175572519083,0.0100115412283671,0.0085413951400422,50.0,78,-1.161449081316915,-3.128004914162905,0.0,1.172118763156765,-1.0,0.5877852522924732,-0.8090169943749473
0.0019607843137254,-0.019193857965451,0.0099144648227964,0.0086093261482106,50.0,90,0.1977698616185861,-2.2294236901692273,0.0,1.1515945773423033,1.0,-0.587785252292473,-0.8090169943749475
-0.0117416829745596,-0.0325670498084291,0.0154358771144513,0.0116657981353497,50.0,99,-0.7606743226028692,-2.7916668464437127,0.0,1.3231725513878072,-1.0,-0.9510565162951536,0.30901699437494723
0.0257425742574257,0.0097465886939571,0.0163038032133862,0.0115786384447226,50.0,62,1.5789296602275735,0.8417725730674094,0.0,1.4080920835641457,1.0,0.0,1.0
-0.0115830115830115,-0.0077519379844961,0.0157631955059242,0.0115194420424475,46.26865671641792,65,-0.7348132065307604,-0.6729432924353814,-0.1492537313432831,1.368398032114646,-1.0,0.9510565162951535,0.30901699437494745
0.009765625,0.0137254901960783,0.0200984090493001,0.0137723941603845,58.75,157,0.48589020738624084,0.9965936256473547,0.35,1.4593246622192497,1.0,0.5877852522924732,-0.8090169943749473
0.0093808630393996,0.0653465346534654,0.015433783624553,0.013024142215839,61.53846153846153,98,0.6078131707343788,5.017334991984802,0.46153846153846134,1.1850125343117217,1.0,-0.9510565162951536,0.30901699437494723
0.0018587360594795,0.0405405405405405,0.0165033392554686,0.013241827238635,54.21686746987952,72,0.11262780849551393,3.061549527452092,0.16867469879518068,1.246302832307717,1.0,0.0,1.0
-0.0148423005565863,0.037109375,0.0183418845687465,0.0131760548400352,52.32558139534884,64,-0.8092021519890698,2.8164232227549406,0.09302325581395365,1.3920608915808508,-1.0,0.9510565162951535,0.30901699437494745
-0.0112994350282485,0.0154738878143132,0.0114492824724509,0.0129864755814356,54.44444444444445,82,-0.9869112048134867,1.191537750323566,0.177777777777778,0.8816305535977987,-1.0,0.5877852522924732,-0.8090169943749473
0.0018867924528302,0.0114285714285713,0.0061592237180495,0.0128359412720615,65.38461538461539,79,0.30633558315882636,0.8903564049395016,0.6153846153846154,0.47984162509681344,1.0,0.0,1.0
-0.0094517958412098,-0.0205607476635514,0.0043607842531984,0.0125235192754284,55.88235294117647,101,-2.1674482427776622,-1.6417694414538802,0.23529411764705885,0.34820729502780107,-1.0,0.5877852522924732,-0.8090169943749473
-0.0076335877862595,-0.024390243902439,0.0078005210988264,0.013222423033661,45.2054794520548,144,-0.9785984684309487,-1.8446108851788134,-0.19178082191780788,0.5899459712874497,-1.0,-0.587785252292473,-0.8090169943749475
0.0117647058823529,-0.0282485875706214,0.0128402369415923,0.0133139997490173,35.48387096774192,199,0.9162367309498158,-2.1217190090090186,-0.5806451612903232,0.9644154678901322,1.0,0.0,1.0
0.0077519379844961,-0.0170132325141777,0.0128598335803027,0.0132153852100262,31.818181818181827,101,0.6028018876038018,-1.2873797751633016,-0.727272727272727,0.973094892428662,1.0,0.9510565162951535,0.30901699437494745
-0.0038986354775828,-0.0096899224806201,0.006540323531632,0.0091058824156065,25.0,97,-0.5960912327677544,-1.0641375977617127,-1.0,0.7182517905024448,-1.0,0.0,1.0
-0.0078277886497064,-0.025,0.0086402429563953,0.0092689415063921,22.22222222222221,102,-0.905967532340875,-2.6971766960652865,-1.1111111111111116,0.9321704780132656,-1.0,0.9510565162951535,0.30901699437494745
-0.0130522088353414,-0.0362745098039215,0.0084062220384184,0.0092487325883749,22.22222222222221,106,-1.5526824355656403,-3.9221017838161405,-1.1111111111111116,0.9089043140831385,-1.0,-0.587785252292473,-0.8090169943749475
0.0172239108409322,-0.0176125244618395,0.013930205915627,0.0097763902498628,33.57142857142857,91,1.2364424891368921,-1.801534717452538,-0.6571428571428573,1.4248808927214793,1.0,0.9510565162951535,0.30901699437494745
0.0040160642570281,0.0131712259371834,0.0070113140945489,0.0099885500864171,36.44067796610169,89,0.5727968359286761,1.3186310962972767,-0.5423728813559324,0.7019344163612937,1.0,0.0,1.0
0.008,0.0039840637450199,0.0082629650505485,0.0104908395317656,45.83333333333333,184,0.9681742896547844,0.37976559791048553,-0.16666666666666685,0.787635455596688,1.0,0.9510565162951535,0.30901699437494745
-0.0060120240480961,-0.008,0.0096709650354987,0.0094825821931879,40.49586776859503,119,-0.6216564540832857,-0.8436511701670601,-0.38016528925619864,1.0198651211054002,-1.0,0.0,1.0
-0.001008064516129,-0.0168650793650794,0.0126315976732912,0.010399180669026,55.73770491803278,115,-0.07980492603965952,-1.6217684531270355,0.22950819672131131,1.2146712254170342,-1.0,0.9510565162951535,0.30901699437494745
0.0191725529767912,-0.0098039215686274,0.0160680072051454,0.0120666692521193,70.07299270072993,139,1.1932121264253839,-0.8124788405977986,0.8029197080291971,1.331601418204875,1.0,0.5877852522924732,-0.8090169943749473
-0.0018796992481202,0.0716448032290615,0.0137867045034596,0.012419463631167,75.3731343283582,124,-0.13634134859676056,5.768747159240869,1.0149253731343282,1.1100876665868913,-1.0,0.9510565162951535,0.30901699437494745
-0.0018832391713747,0.0495049504950495,0.0115305905915634,0.0118385831863589,69.28571428571428,70,-0.1633253321386061,4.181658218654892,0.7714285714285711,0.9739831760457485,-1.0,0.5877852522924732,-0.8090169943749473
-0.0094339622641509,0.0115606936416186,0.0170455410463546,0.0131778679116713,75.0,127,-0.5534559861688054,0.877280372386786,1.0,1.2934966586128267,-1.0,-0.587785252292473,-0.8090169943749475
0.0035335689045936,0.0696798493408663,0.023344098924619,0.015458740563678,82.8125,68,0.15136876357131165,4.507469672522345,1.3125,1.5100896303656308,1.0,0.9510565162951535,0.30901699437494745
-0.0035211267605633,0.0679245283018867,0.0245587668618422,0.0157138136130509,79.5,95,-0.14337549383553352,4.322597095049031,1.18,1.5628765771206223,-1.0,0.5877852522924732,-0.8090169943749473
-0.0141342756183745,0.0628571428571429,0.0230593459321945,0.0162522661254331,76.4423076923077,88,-0.6129518820879476,3.867590137653279,1.0576923076923077,1.4188379371741693,-1.0,-0.587785252292473,-0.8090169943749475
-0.0125448028673834,0.014732965009208,0.0138888247901262,0.0165793936603285,79.03930131004367,96,-0.9032293246300047,0.8886305750828243,1.1615720524017468,0.8377155822172079,-1.0,-0.9510565162951536,0.30901699437494723
0.0199637023593466,-0.0070671378091873,0.0143200201345224,0.0170725277829005,72.32142857142857,63,1.3941103595318955,-0.4139477035608378,0.8928571428571428,0.8387751321227144,1.0,0.0,1.0
-0.0124555160142348,-0.0228873239436619,0.0155832328712572,0.0170228084565903,69.90291262135922,108,-0.7992890900268651,-1.3445084902965163,0.7961165048543688,0.9154320073961799,-1.0,0.9510565162951535,0.30901699437494745
0.0090090090090089,-0.0106007067137808,0.0152449463220567,0.0165624858402247,69.0,78,0.5909501358147212,-0.6400428302620471,0.76,0.9204498204329736,1.0,0.5877852522924732,-0.8090169943749473
0.0142857142857142,0.017921146953405,0.016165178880358,0.017006128388258,62.61682242990654,65,0.8837332116219493,1.0538046053875918,0.5046728971962616,0.9505496492677815,1.0,-0.587785252292473,-0.8090169943749475
-0.0158450704225352,0.014519056261343,0.0141429837751221,0.0168034797559736,65.17857142857143,82,-1.1203476911944272,0.8640500558035279,0.6071428571428572,0.8416694377484476,-1.0,-0.9510565162951536,0.30901699437494723
0.0107334525939177,0.0053380782918148,0.0129665602370902,0.0168231409175197,68.33333333333333,61,0.8277788495846973,0.3173054987134249,0.7333333333333332,0.7707569349322527,1.0,0.0,1.0
0.0016949152542373,0.0572450805008943,0.0160606892462749,0.0170041001283294,60.824742268041234,97,0.10553184691696513,3.3665437396528106,0.4329896907216494,0.9445180679885898,1.0,-0.9510565162951536,0.30901699437494723
0.0,-0.0168634064080944,0.0045553762273802,0.0170409768034318,67.04545454545455,68,0.0,-0.9895792187749574,0.6818181818181819,0.26731880494519333,0.0,0.5877852522924732,-0.8090169943749473
0.0052356020942407,-0.0086058519793459,0.004085119373233,0.0121547464019838,61.66666666666666,56,1.281624549896986,-0.7080234020931365,0.4666666666666663,0.3360922455481099,1.0,0.0,1.0
0.0103626943005181,0.0227272727272727,0.006172791430835,0.0112351804206546,36.58536585365854,53,1.678766831661444,2.022864933868075,-0.5365853658536586,0.5494158264987691,1.0,0.5877852522924732,-0.8090169943749473
0.0,-0.0190972222222222,0.0147641841903742,0.0121974115728414,26.92307692307692,61,0.0,-1.5656769841212832,-0.9230769230769232,1.2104348531535483,0.0,0.0,1.0
0.0212389380530972,-0.0136752136752136,0.0180244047402664,0.0123877915940804,45.76271186440678,71,1.1783427289680355,-1.103925791138631,-0.16949152542372872,1.4550123848350536,1.0,0.5877852522924732,-0.8090169943749473
0.0017331022530329,-0.0068728522336769,0.00941548890803,0.0101625711750745,53.125,81,0.18406908332333036,-0.6762900207413611,0.125,0.9264859729852024,1.0,-0.587785252292473,-0.8090169943749475
0.0102564102564102,0.0460176991150442,0.0085853303122332,0.0103793364314554,65.57377049180329,104,1.1946422486940793,4.43358350344527,0.6229508196721315,0.8271551941088219,1.0,0.0,1.0
0.0,0.005190311418685,0.0097841480540755,0.0108293068705802,52.23880597014925,181,0.0,0.479283363919789,0.08955223880597003,0.9034870962780589,0.0,-0.587785252292473,-0.8090169943749475
-0.0328151986183073,-0.0524534686971235,0.0136349246178984,0.0128287533915992,32.911392405063296,155,-2.40670010806148,-4.088739272521948,-0.6835443037974681,1.062840135225123,-1.0,0.0,1.0
-0.0035273368606701,0.0125448028673835,0.0047645785350371,0.0133997185854794,42.02898550724638,96,-0.7403235000737863,0.9361982809844119,-0.31884057971014473,0.35557276437675234,-1.0,0.9510565162951535,0.30901699437494745
0.0035398230088494,-0.0035149384885764,0.0063633289702595,0.0135327986514858,32.35294117647058,70,0.5562838983422951,-0.259734588665043,-0.7058823529411768,0.4702149519834417,1.0,0.5877852522924732,-0.8090169943749473
-0.0124777183600712,-0.0263620386643234,0.0085830855749995,0.0123315556904818,27.39726027397259,41,-1.4537550294110442,-2.137768984571936,-0.9041095890410964,0.6960256134891624,-1.0,0.0,1.0
0.0036231884057971,-0.0229276895943563,0.0086964555487194,0.011450291585995,30.55555555555556,70,0.4166276961024279,-2.002365564100026,-0.7777777777777776,0.759495763793343,1.0,-0.587785252292473,-0.8090169943749475
-0.0054151624548736,-0.017825311942959,0.0079227965339919,0.0110161113320959,37.93103448275862,136,-0.6834904312809433,-1.6181114391890599,-0.48275862068965525,0.7192001880833069,-1.0,-0.9510565162951536,0.30901699437494723
0.0,-0.0216606498194945,0.006144371458609,0.0103499077420264,23.404255319148945,85,0.0,-2.0928330407439146,-1.0638297872340423,0.593663796346849,0.0,-0.587785252292473,-0.8090169943749475
-0.0037105751391465,-0.0073937153419593,0.0064561085449752,0.0081136545776916,25.00000000000001,93,-0.5747377643854514,-0.9112670694186952,-0.9999999999999996,0.7957080901182646,-1.0,0.9510565162951535,0.30901699437494745
0.0074487895716945,-0.0018450184501844,0.0113114862435744,0.0081996802995794,42.10526315789473,85,0.6585149666584431,-0.22501074830582804,-0.3157894736842107,1.3795016433918994,1.0,0.5877852522924732,-0.8090169943749473
0.0203327171903882,0.0184501845018449,0.0138884050824443,0.0096407042602414,58.064516129032256,119,1.4640055808880483,1.913777755859234,0.32258064516129026,1.4405991825440265,1.0,-0.587785252292473,-0.8090169943749475
0.0054644808743169,0.0203327171903882,0.019830560451554,0.012115759834896,52.7027027027027,53,0.2755584307403866,1.6782026621061783,0.10810810810810807,1.6367561221275233,1.0,0.5877852522924732,-0.8090169943749473
-0.0108108108108108,-0.026595744680851,0.0071928567025016,0.0118253907329048,54.929577464788736,78,-1.5029905680096807,-2.2490353842172084,0.19718309859154942,0.6082547953311298,-1.0,-0.9510565162951536,0.30901699437494723
-0.0018214936247723,0.0036630036630036,0.0100766373184626,0.0123098355205944,59.49367088607595,69,-0.18076385599354355,0.2975669887063478,0.3797468354430379,0.8185835721174861,-1.0,0.0,1.0
-0.0089766606822262,0.0,0.0108178914385946,0.0122310686759016,53.57142857142858,106,-0.8297968633916855,0.0,0.14285714285714307,0.8844593126449799,-1.0,0.5877852522924732,-0.8090169943749473
-0.0055350553505535,-0.0164233576642335,0.0043110077079902,0.0123941315435001,47.12643678160919,84,-1.2839324088821586,-1.3250903748833218,-0.11494252873563227,0.3478262445898107,-1.0,0.0,1.0
0.0149253731343284,-0.0144927536231883,0.010881693708557,0.0129197747054245,34.66666666666667,107,1.371602603238645,-1.121748849042614,-0.6133333333333332,0.8422503901313629,1.0,0.5877852522924732,-0.8090169943749473
-0.0055147058823529,-0.0163636363636363,0.0116926471295873,0.0134293062238418,53.03030303030303,92,-0.4716383813563124,-1.218501083069668,0.12121212121212124,0.8706807505827217,-1.0,-0.587785252292473,-0.8090169943749475
0.0166358595194084,0.014760147601476,0.0114794800055739,0.0135634580547847,56.33802816901408,85,1.4491810621665955,1.0882281391350463,0.2535211267605632,0.8463528619086735,1.0,-0.9510565162951536,0.30901699437494723
-0.0037037037037036,-0.0110294117647058,0.0196993922751857,0.0147288857723618,41.463414634146346,91,-0.18801096865608763,-0.7488281494531357,-0.34146341463414615,1.3374656579586124,-1.0,0.5877852522924732,-0.8090169943749473
-0.0055762081784386,-0.011090573012939,0.0170929437151122,0.0139519388162586,38.20224719101124,79,-0.3262284723504849,-0.7949121057564978,-0.47191011235955044,1.2251294740411685,-1.0,-0.587785252292473,-0.8090169943749475
-0.0094876660341556,-0.0645161290322581,0.0076640601524609,0.0123468653080148,33.73493975903615,84,-1.237940917217355,-5.225300120296701,-0.6506024096385539,0.6207287237675336,-1.0,0.0,1.0
0.0057803468208093,-0.0242990654205607,0.0083601816995086,0.0122917284806641,39.99999999999999,100,0.6914131910574564,-1.9768615691576172,-0.4000000000000003,0.6801464018014899,1.0,-0.587785252292473,-0.8090169943749475
0.0191204588910134,0.0210727969348658,0.0120122623460693,0.0125761418532885,40.963855421686745,80,1.5917437051175474,1.6756156557823003,-0.36144578313253023,0.9551619991713323,1.0,0.9510565162951535,0.30901699437494745
-0.0075046904315196,0.0076190476190476,0.0136691994300207,0.0129177209259786,38.20224719101124,88,-0.5490215414387893,0.5898131539282243,-0.47191011235955044,1.058173413608642,-1.0,0.5877852522924732,-0.8090169943749473
0.0153846153846153,0.0114942528735633,0.0153602550987169,0.0133653003964982,34.52380952380953,68,1.0015852777111531,0.8600064295233181,-0.6190476190476187,1.1492628785292849,1.0,-0.9510565162951536,0.30901699437494723
0.0075757575757575,0.0172084130019121,0.0162822715073668,0.014290583708823,52.56410256410256,86,0.4652761698248432,1.204177611689264,0.10256410256410248,1.139369842787857,1.0,0.5877852522924732,-0.8090169943749473
0.0110294117647058,0.0396975425330812,0.0068090265915608,0.0140812407080127,60.97560975609756,99,1.6198197228629647,2.8191773128854227,0.4390243902439025,0.48355268525161876,1.0,-0.9510565162951536,0.30901699437494723
0.0054545454545453,0.0634615384615384,0.0134177586234469,0.0144342328984805,60.97560975609756,80,0.40651658316821365,4.396596268185221,0.4390243902439025,0.9295782756198037,1.0,0.0,1.0
-0.0144665461121157,0.0321969696969697,0.0135779600595591,0.0141546434092131,67.46987951807229,115,-1.065442481362008,2.2746561689750076,0.6987951807228916,0.9592576848770711,-1.0,0.9510565162951535,0.30901699437494745
0.0110091743119264,0.0357142857142858,0.0147547243200223,0.0144131179829217,58.24175824175824,111,0.7461452082527068,2.4778997145244333,0.3296703296703296,1.0237003610531568,1.0,0.5877852522924732,-0.8090169943749473
-0.0199637023593466,-0.0073529411764705,0.0147719480223394,0.0127100265852962,64.83516483516483,170,-1.3514594564346722,-0.5785145563606687,0.5934065934065933,1.1622270261148229,-1.0,-0.587785252292473,-0.8090169943749475
0.011111111111111,-0.0072727272727273,0.0171807802179417,0.0132568094137279,67.34693877551021,139,0.6467171166264399,-0.5486027263218307,0.6938775510204084,1.2959956443361067,1.0,-0.9510565162951536,0.30901699437494723
0.0,-0.012704174228675,0.0151030403718471,0.0134310641488285,57.89473684210526,87,0.0,-0.9458792415186761,0.3157894736842104,1.124484922389058,0.0,0.5877852522924732,-0.8090169943749473
-0.0056390977443608,-0.0275735294117647,0.0106027254053363,0.0137171043742707,35.526315789473685,66,-0.5318531047679141,-2.010155245441752,-0.5789473684210527,0.7729559669797545,-1.0,0.5877852522924732,-0.8090169943749473
0.0036563071297988,0.0300187617260787,0.0167083535558389,0.0148939614699391,49.38271604938272,97,0.21883095358677823,2.015497463968315,-0.024691358024691114,1.12181989804142,1.0,0.0,1.0
0.0017985611510791,0.0182815356489944,0.0035468191947605,0.0139066959038771,63.26530612244898,96,0.5070898688146577,1.3145841851662101,0.5306122448979593,0.25504380543286453,1.0,-0.9510565162951536,0.30901699437494723
0.0251346499102333,0.038181818181818,0.0106702368546596,0.0143369161038305,71.875,112,2.3555827950931825,2.6631802316130155,0.875,0.7442485772322391,1.0,0.9510565162951535,0.30901699437494745
-0.0051457975986277,0.0412926391382406,0.0085615979995204,0.0121181878157983,88.70967741935485,67,-0.6010316752315634,3.4074901042140153,1.548387096774194,0.70650752939177,-1.0,0.0,1.0
-0.0051724137931034,0.0105078809106831,0.0100201574500151,0.0123311536391912,91.30434782608695,100,-0.5162003348652228,0.8521402535999687,1.652173913043478,0.8125881500889985,-1.0,0.9510565162951535,0.30901699437494745
0.0017331022530329,-0.0085763293310463,0.010267603244815,0.0114663913435608,71.1864406779661,54,0.16879309842607212,-0.7479530040924757,0.8474576271186441,0.8954512350626022,1.0,-0.9510565162951536,0.30901699437494723
-0.005190311418685,-0.0086206896551723,0.0112883090848078,0.0119582404708292,60.65573770491804,57,-0.45979488883072916,-0.7208989037486292,0.42622950819672156,0.9439766387519941,-1.0,0.0,1.0
0.005226480836237,-0.0017301038062284,0.0091151907685351,0.0093054450677709,56.896551724137936,98,0.5733807700954178,-0.18592361078831604,0.27586206896551746,0.9795534664505798,1.0,-0.9510565162951536,0.30901699437494723
0.0069686411149825,0.0140350877192982,0.0065135545327864,0.0077385817938408,48.97959183673469,88,1.06986598196816,1.813648799833172,-0.040816326530612346,0.8416976507238156,1.0,0.5877852522924732,-0.8090169943749473
0.0,0.0121107266435986,0.0039831544934453,0.006436464590592,61.11111111111111,94,0.0,1.8815776358847873,0.4444444444444443,0.618841018850188,0.0,0.5877852522924732,-0.8090169943749473
0.0,0.0138648180242635,0.0070544619945108,0.0071858814144935,47.61904761904762,87,0.0,1.929449976978363,-0.09523809523809518,0.9817100743106673,0.0,-0.587785252292473,-0.8090169943749475
0.0086655112651645,-0.0051282051282051,0.008000028771095,0.0067178619951445,64.1025641025641,57,1.0831836586184962,-0.7633674967179533,0.5641025641025641,1.1908575776491734,1.0,0.0,1.0
-0.0017182130584192,-0.0068376068376068,0.0091979640389354,0.00643809262424,68.18181818181819,71,-0.18680342553109347,-1.0620530980451652,0.7272727272727275,1.4286762072266894,-1.0,0.9510565162951535,0.30901699437494745
0.0,0.0189003436426116,0.0049350954881041,0.0062521165011527,71.42857142857143,102,0.0,3.023026427748536,0.8571428571428572,0.7893467106262517,0.0,0.9510565162951535,0.30901699437494745
0.0034602076124568,-0.0202702702702702,0.0115572352454905,0.008528572439654,40.42553191489362,83,0.2993972645693343,-2.3767455393316865,-0.38297872340425526,1.355117960958512,1.0,-0.9510565162951536,0.30901699437494723
-0.0034129692832765,0.0138888888888888,0.0041197220130904,0.0084816131635497,54.90196078431373,82,-0.8284444892123638,1.6375272304689459,0.19607843137254918,0.48572330244465,-1.0,0.0,1.0
-0.0102389078498293,-0.0102389078498293,0.00586844794236,0.0088050251414703,38.29787234042553,104,-1.7447356614626641,-1.1628469035410989,-0.4680851063829789,0.6664877366270299,-1.0,0.5877852522924732,-0.8090169943749473
0.0017241379310344,-0.0051369863013698,0.0082739034110313,0.0092289968093587,45.283018867924525,163,0.20838239964364036,-0.5566131228942887,-0.188679245283019,0.8965107060752329,1.0,-0.587785252292473,-0.8090169943749475
0.0031948881789136,0.0827586206896551,0.0278790152500058,0.0165803191691609,80.51948051948052,100,0.11459827415999542,4.991373804784562,1.220779220779221,1.6814512525999932,1.0,0.5877852522924732,-0.8090169943749473
0.0031152647975076,0.0287539936102236,0.009879518052288,0.0171119804056449,86.9047619047619,109,0.31532526463003824,1.6803418496972882,1.4761904761904758,0.5773447634139011,1.0,0.0,1.0
0.0062111801242235,0.035143769968051,0.0123343808060589,0.0173657885506241,82.95454545454545,102,0.5035660229909729,2.0237347488283506,1.3181818181818181,0.7102685643912194,1.0,0.9510565162951535,0.30901699437494745
-0.0218068535825545,0.0015948963317384,0.0113471774710739,0.0170962197816757,72.44897959183673,118,-1.9217849038049508,0.09328935982410941,0.8979591836734693,0.6637239681485901,-1.0,-0.587785252292473,-0.8090169943749475
0.0,-0.0218068535825545,0.0131006836845675,0.0169598844160796,73.7864077669903,119,0.0,-1.2857894658754194,0.9514563106796118,0.7724507808342722,0.0,-0.9510565162951536,0.30901699437494723
0.0111464968152865,-0.0139751552795031,0.015686372126049,0.0171130227450907,80.55555555555556,115,0.7105842969856311,-0.8166381428512267,1.2222222222222223,0.9166330924335447,1.0,0.0,1.0
0.0173228346456693,-0.0030864197530864,0.0376388817531537,0.0237519000982082,86.70886075949367,278,0.4602376382194582,-0.1299440651435959,1.4683544303797469,1.584667573998316,1.0,-0.587785252292473,-0.8090169943749475
-0.0200860832137733,0.0875796178343948,0.0381894468548002,0.024716100567018,69.69696969696969,131,-0.5259588605866383,3.5434223194997334,0.7878787878787875,1.5451236452130725,-1.0,0.0,1.0
-0.007320644216691,0.0796178343949045,0.0381336273050602,0.0246062367709628,71.63120567375887,98,-0.1919734054773625,3.235675685771771,0.8652482269503549,1.5497539165566978,-1.0,0.9510565162951535,0.30901699437494745
0.0132743362831857,0.0818897637795275,0.0397277929297512,0.0248850859517671,68.27586206896552,102,0.33413215190022166,3.2907152111548306,0.7310344827586209,1.596449256484788,1.0,0.5877852522924732,-0.8090169943749473
0.0014347202295552,0.0294985250737462,0.0092160638495441,0.020820283934434,67.85714285714286,151,0.15567586078166817,1.416815976116435,0.7142857142857144,0.4426481143141766,1.0,0.9510565162951535,0.30901699437494745
0.0,0.0160116448326055,0.0101351441386866,0.0211394849025276,66.90140845070422,100,0.0,0.7574279757597719,0.676056338028169,0.47944116855293284,0.0,-0.9510565162951536,0.30901699437494723
0.0068965517241379,0.0473457675753228,0.0236475762654783,0.0230573813334364,80.12048192771084,181,0.2916387172337231,2.053387865550293,1.2048192771084336,1.0255963445086718,1.0,0.5877852522924732,-0.8090169943749473
0.0068493150684931,0.0530085959885386,0.024704039732182,0.0238042080456043,81.66666666666666,237,0.2772547474097126,2.2268572690346025,1.2666666666666664,1.0378009344753025,1.0,-0.587785252292473,-0.8090169943749475
0.0340136054421769,0.0888252148997135,0.0189627259941527,0.0243413274002637,78.43137254901961,417,1.79370769348185,3.6491509664851534,1.1372549019607845,0.7790338584250209,1.0,-0.9510565162951536,0.30901699437494723
-0.0229591836734693,0.0565517241379309,0.0232214452047612,0.024038671697997,79.48717948717949,178,-0.9887056375675315,2.352530178168756,1.1794871794871795,0.9660032732450592,-1.0,0.9510565162951535,0.30901699437494745
0.0116883116883117,0.0598639455782312,0.0195275123358894,0.0239342508147481,83.2258064516129,127,0.5985557966475803,2.5011821355829595,1.329032258064516,0.815881154092576,1.0,-0.587785252292473,-0.8090169943749475
0.006418485237484,0.0315789473684211,0.022298008514698,0.0263786725101346,67.42857142857143,168,0.28785002726826064,1.19713891534532,0.6971428571428572,0.8453041013754641,1.0,-0.9510565162951536,0.30901699437494723
-0.0026178010471203,-0.0103896103896103,0.0206959422706168,0.0197308598564229,66.12903225806451,108,-0.12648855258701666,-0.5265662621675149,0.6451612903225805,1.04891180273432,-1.0,0.5877852522924732,-0.8090169943749473
0.0025641025641025,0.026246719160105,0.0164618021887928,0.0206289197104825,56.55172413793103,106,0.15576064984195,1.2723257836671886,0.2620689655172413,0.797995941613384,1.0,0.5877852522924732,-0.8090169943749473
-0.0038363171355498,0.0277044854881265,0.0062153934581456,0.021011927032826,44.27480916030535,95,-0.617227370899328,1.3185117319191006,-0.2290076335877859,0.29580297373038816,-1.0,-0.587785252292473,-0.8090169943749475
-0.0128369704749679,-0.0191326530612244,0.0098053116357623,0.020709234310182,55.28455284552845,90,-1.3091840280025562,-0.9238701699905849,0.21138211382113808,0.4734751055566704,-1.0,-0.9510565162951536,0.30901699437494723
0.0130039011703511,-0.0076433121019108,0.0106842351157645,0.0182066871297743,50.0,104,1.217109962327986,-0.4198077250052849,0.0,0.586829947222665,1.0,0.0,1.0
-0.0115532734274711,-0.0128205128205127,0.0168346099104385,0.0188986447400901,53.9568345323741,165,-0.6862806222495916,-0.678382297408518,0.1582733812949641,0.8907835050675272,-1.0,0.9510565162951535,0.30901699437494745
-0.0126582278481012,0.0012836970474967,0.0164542365727731,0.0178352243708784,62.93103448275862,100,-0.7692985389587398,0.0719753394209799,0.5172413793103448,0.9225691252838139,-1.0,0.0,1.0
0.0061349693251533,0.0379746835443037,0.0207547824751905,0.0184320480374881,64.16666666666666,137,0.2955929013738302,2.0602519516306192,0.5666666666666663,1.1260154689714148,1.0,-0.9510565162951536,0.30901699437494723
-0.0024390243902439,0.0487179487179487,0.0235324318444298,0.0188019452834817,58.01526717557252,160,-0.1036451893249329,2.5911107639294,0.32061068702290074,1.251594926677866,-1.0,0.0,1.0
-0.0146699266503667,0.0293742017879949,0.0110644139638401,0.017143069064035,52.777777777777786,192,-1.3258644732260645,1.7134729227038306,0.11111111111111142,0.6454157927237516,-1.0,0.9510565162951535,0.30901699437494745
0.0203045685279188,-0.0134969325153374,0.0162705855947897,0.0173694707682767,58.064516129032256,268,1.247930256125405,-0.777048703723369,0.32258064516129026,0.936734137989087,1.0,-0.587785252292473,-0.8090169943749475
0.0,-0.0195121951219512,0.0325218448641609,0.0233668812421674,45.22613065326633,471,0.0,-0.835035988302111,-0.19095477386934676,1.3917916819620686,0.0,-0.9510565162951536,0.30901699437494723
-0.0671641791044775,-0.0831295843520782,0.0326356247460957,0.0219883058079494,40.60913705583757,248,-2.0580013113583626,-3.7806253593112618,-0.37563451776649714,1.4842257602238453,-1.0,0.0,1.0
-0.0106666666666667,-0.0794044665012406,0.0352015743358112,0.0223724810728316,46.0,155,-0.3030166643895999,-3.5492009469462564,-0.16,1.5734311490488782,-1.0,0.9510565162951535,0.30901699437494745
0.0161725067385445,-0.0431472081218273,0.0395538441123175,0.0240691008306153,48.32535885167464,153,0.4088730947083158,-1.7926382252120896,-0.06698564593301427,1.6433446333217268,1.0,0.5877852522924732,-0.8090169943749473
0.0384615384615385,-0.0261194029850746,0.0401051099921985,0.0245649170977395,46.75925925925927,128,0.959018161995782,-1.0632802971956772,-0.12962962962962934,1.632616690968687,1.0,-0.587785252292473,-0.8090169943749475
-0.0217113665389527,-0.0472636815920397,0.0244439249197523,0.0250190114536305,49.78165938864629,130,-0.8882107815386341,-1.8891099190124914,-0.008733624454148412,0.9770136280132272,-1.0,-0.9510565162951536,0.30901699437494723
0.0166240409207161,0.0714285714285714,0.0236781017295593,0.0249841127787735,43.96135265700482,115,0.7020847401426427,2.8589585498377823,-0.24154589371980734,0.9477259593711331,1.0,0.9510565162951535,0.30901699437494745
-0.0062893081761006,0.0477453580901856,0.0206609779483562,0.0254038464504364,39.09090909090909,99,-0.3044050067606269,1.879453152451009,-0.4363636363636363,0.8133008462186171,-1.0,-0.587785252292473,-0.8090169943749475
0.0103626943005181,0.0182767624020887,0.0157744706820265,0.0246962003564567,45.45454545454546,101,0.6569277625935027,0.7400634404343067,-0.18181818181818157,0.6387405376915387,1.0,0.0,1.0
-0.0074812967581047,0.0310880829015545,0.0091922211418916,0.0227441655961023,66.25,143,-0.8138716969387674,1.3668590787208883,0.65,0.40415714797184743,-1.0,-0.9510565162951536,0.30901699437494723
0.0211970074812968,0.0419847328244273,0.0103541556411649,0.0230386103591921,71.77914110429448,94,2.0471960963251523,1.8223631523871155,0.8711656441717792,0.4494260281099571,1.0,0.9510565162951535,0.30901699437494745
0.0,0.0195360195360194,0.0089565143664864,0.014814811555528,72.97297297297297,117,0.0,1.3186807186840355,0.9189189189189187,0.6045644446621342,0.0,0.9510565162951535,0.30901699437494745
0.0071856287425149,0.0193939393939392,0.0130263078310608,0.0154025036992592,89.65517241379311,154,0.5516239382230502,1.259141187770667,1.5862068965517244,0.8457260993500894,1.0,0.5877852522924732,-0.8090169943749473
0.0273483947681332,0.0297973778307509,0.0131382649851494,0.013600621945081,89.91596638655463,195,2.081581851426153,2.190881861304088,1.5966386554621852,0.9660040090932079,1.0,-0.587785252292473,-0.8090169943749475
0.0023068050749712,0.0407185628742514,0.014629307776634,0.0119467169745864,78.37837837837839,104,0.1576837081668728,3.4083446420822794,1.1351351351351355,1.2245452505739942,1.0,0.9510565162951535,0.30901699437494745
-0.0046029919447641,0.028537455410226,0.0092879915613075,0.0121020322959823,76.99115044247787,99,-0.4955847514000766,2.358069383024716,1.079646017699115,0.7674730705899926,-1.0,0.5877852522924732,-0.8090169943749473
-0.0092485549132947,-0.0081018518518518,0.0089414829594329,0.0120306312035362,64.28571428571428,137,-1.0343412397968577,-0.6734347500505957,0.5714285714285711,0.7432258021962043,-1.0,-0.587785252292473,-0.8090169943749475
-0.0221703617269545,-0.0422857142857142,0.0103908020362863,0.0131054683807996,50.79365079365079,125,-2.1336505414141085,-3.226567780056437,0.03174603174603163,0.7928594236979184,-1.0,-0.9510565162951536,0.30901699437494723
-0.0202863961813842,-0.0530565167243367,0.0212326750210134,0.0144823697252061,57.24137931034483,127,-0.9554324458403314,-3.6635219992190646,0.2896551724137933,1.4661040121782358,-1.0,0.0,1.0
0.0304506699147382,-0.0264672036823935,0.0212715414250242,0.0143263607292752,50.0,169,1.4315208752905315,-1.8474465154185304,0.0,1.484782282058142,1.0,0.9510565162951535,0.30901699437494745
-0.0082742316784869,-0.030057803468208,0.0235438598178921,0.0147343850267097,54.3046357615894,162,-0.35143889863844385,-2.0399754054184696,0.1721854304635761,1.5978843905849605,-1.0,0.5877852522924732,-0.8090169943749473
0.0178784266984506,-0.0035005834305718,0.0275382617609763,0.01741495915724,65.94594594594594,235,0.6492210859719093,-0.20101002757828526,0.6378378378378374,1.581298336639758,1.0,-0.587785252292473,-0.8090169943749475
-0.0167785234899329,0.0706455542021924,0.0249658591358706,0.0177158803157138,60.6060606060606,141,-0.6720584570326759,3.9876942644835958,0.4242424242424241,1.409235363899615,-1.0,0.9510565162951535,0.30901699437494745
0.0045506257110352,0.0437352245862883,0.0241871740955788,0.0186078830357035,61.19402985074627,234,0.18814202153722448,2.350358769924798,0.44776119402985076,1.2998341106739044,1.0,0.5877852522924732,-0.8090169943749473
0.0032644178454841,0.0313199105145414,0.0119942785122019,0.0182920893338617,63.402061855670105,144,0.2721643590750029,1.7122097328961619,0.5360824742268042,0.6557081444445529,1.0,0.0,1.0
-0.0010845986984815,0.0477815699658703,0.0130925947072799,0.0187184515773536,68.39622641509435,221,-0.08284055944027921,2.5526440711173883,0.7358490566037739,0.6994482240527653,-1.0,0.9510565162951535,0.30901699437494745
0.0402969247083775,0.0792079207920792,0.0182032694252326,0.0197452630877289,82.0627802690583,354,2.213717856383594,4.011487733806253,1.2825112107623318,0.9219051741829486,1.0,-0.587785252292473,-0.8090169943749475
0.0,0.0674646354733405,0.0211122279635348,0.020074113536298,84.33179723502305,313,0.0,3.3607761430456002,1.373271889400922,1.0517135617582356,0.0,-0.9510565162951536,0.30901699437494723
-0.0309278350515463,0.020629750271444,0.0261341898703394,0.02144246873134,74.0909090909091,143,-1.1834238356249567,0.9620972710254747,0.9636363636363637,1.2188045140575126,-1.0,0.9510565162951535,0.30901699437494745
0.00625,-0.0041237113402061,0.0061113989585938,0.0191752362526788,75.14792899408283,119,1.0226774287803657,-0.21505389218300197,1.0059171597633132,0.3187129321867265,1.0,0.0,1.0
0.0020703933747412,0.0297872340425531,0.0088438783947397,0.0187867710680764,66.88741721854305,132,0.23410442130552658,1.5855421923859703,0.675496688741722,0.470750064244254,1.0,0.9510565162951535,0.30901699437494745
-0.0082644628099173,0.0158730158730158,0.0103026091420381,0.0186724509938809,68.75,121,-0.8021710495145407,0.8500762635529134,0.75,0.5517542195115223,-1.0,0.5877852522924732,-0.8090169943749473
0.0265577119509703,0.046875,0.0145526650194219,0.0167759988924214,73.07692307692308,284,1.8249367841669357,2.794168762105025,0.9230769230769232,0.86746884272314,1.0,-0.9510565162951536,0.30901699437494723
0.0048309178743961,0.0833333333333332,0.0138779297880561,0.015933039354713,69.75308641975309,199,0.34810050686008726,5.230218740813927,0.7901234567901235,0.8710153015342919,1.0,0.5877852522924732,-0.8090169943749473
0.0048076923076922,0.0674157303370786,0.015763947898589,0.0169810150321783,79.56989247311827,289,0.3049800271366195,3.9700624791099903,1.182795698924731,0.9283272281100231,1.0,-0.587785252292473,-0.8090169943749475
-0.037037037037037,0.0348258706467661,0.0251621473785045,0.0197458293582034,74.86910994764398,227,-1.4719340825948795,1.7637067746273194,0.9947643979057591,1.2743012298462206,-1.0,0.0,1.0
0.0,0.0048309178743961,0.0258623121232617,0.0194122402518437,74.86910994764398,210,0.0,0.24885924154708847,0.9947643979057591,1.332267603587348,0.0,0.9510565162951535,0.30901699437494745
0.0144230769230768,0.0144230769230768,0.0284174678260492,0.0186884466996633,66.2037037037037,247,0.5075424712694145,0.771763937218885,0.6481481481481478,1.5205893286287882,1.0,0.5877852522924732,-0.8090169943749473
-0.023696682464455,-0.0143540669856458,0.0208209327509838,0.0196309284228666,58.297872340425535,520,-1.1381176514370521,-0.7311961698644944,0.33191489361702137,1.0606183108766243,-1.0,-0.587785252292473,-0.8090169943749475
-0.0242718446601941,-0.0694444444444444,0.020227420215853,0.0210851666055196,50.3731343283582,735,-1.1999470224928195,-3.2935196960250024,0.014925373134327912,0.9593194590818813,-1.0,-0.9510565162951536,0.30901699437494723
-0.0348258706467661,-0.0673076923076922,0.019872462115035,0.0211664041630471,46.39175257731959,298,-1.752467958952009,-3.179928909507959,-0.14432989690721626,0.9388676779144236,-1.0,0.0,1.0
-0.0319587628865979,-0.0971153846153846,0.0322421820693562,0.0231893721302406,50.0,222,-0.9912093699414538,-4.1879246316243695,0.0,1.390385560437598,-1.0,0.9510565162951535,0.30901699437494745
0.0425985090521832,-0.0720379146919431,0.0374309859851456,0.026311476670787,38.123167155425215,222,1.138054383300095,-2.7378884208745613,-0.47507331378299145,1.422610073443866,1.0,-0.9510565162951536,0.30901699437494723
-0.0042372881355932,-0.0309278350515463,0.037069856231414,0.0267990639838574,34.22619047619047,143,-0.114305460643999,-1.1540635721284953,-0.6309523809523813,1.3832513859898021,-1.0,0.5877852522924732,-0.8090169943749473
-0.0063829787234042,-0.0053248136315229,0.0331598520919801,0.0275215023855813,38.095238095238095,142,-0.1924911118658711,-0.19347823465953873,-0.4761904761904762,1.2048702712047454,-1.0,-0.587785252292473,-0.8090169943749475
0.0278372591006423,-0.0194075587334013,0.0344359953011382,0.030147792964161,26.64907651715039,294,0.8083765482438872,-0.6437470337879198,-0.9340369393139843,1.1422389665367954,1.0,-0.9510565162951536,0.30901699437494723
-0.0593749999999999,-0.0227272727272727,0.0498944688140199,0.0358357557640711,23.65339578454332,446,-1.1900114283449748,-0.6342064203929761,-1.0538641686182673,1.3923092684137375,-1.0,0.0,1.0
-0.097452934662237,-0.1366525423728813,0.0699646716478483,0.0410424888345678,33.73983739837399,450,-1.3928875593652343,-3.3295375830719767,-0.6504065040650403,1.704688399452934,-1.0,0.9510565162951535,0.30901699437494745
0.0797546012269938,-0.0638297872340425,0.0745342710112947,0.0418954762710203,36.94390715667311,268,1.0700391839146879,-1.5235480696209145,-0.5222437137330754,1.7790525339444767,1.0,0.5877852522924732,-0.8090169943749473
0.0454545454545454,-0.0149892933618843,0.0732528428279227,0.0420825197514029,37.015503875969,179,0.620515702798935,-0.35618802981739955,-0.5193798449612399,1.740694850348931,1.0,-0.587785252292473,-0.8090169943749475
0.0074388947927737,0.0304347826086957,0.0185883595199067,0.0418390163245694,52.45478036175712,148,0.4001908174252304,0.7274256903732792,0.09819121447028493,0.4442827941478872,1.0,-0.587785252292473,-0.8090169943749475
0.0041279669762641,0.0351063829787234,0.0125601611180007,0.0411076021131821,55.03875968992248,115,0.32865531348916693,0.8540117310162545,0.20155038759689917,0.3055434376343401,1.0,0.9510565162951535,0.30901699437494745
-0.0021030494216613,-0.0206398348813209,0.00677418776126,0.0369512768899917,69.88636363636364,168,-0.31044995965251143,-0.558568770358881,0.7954545454545456,0.18332751932097924,-1.0,0.0,1.0
0.0010537407797681,-0.0236382322713257,0.0063287875198688,0.0369941558049451,57.638888888888886,142,0.16649936681651725,-0.63897189616223,0.3055555555555554,0.17107528666108793,1.0,0.9510565162951535,0.30901699437494745
-0.0084210526315789,-0.0318602261048304,0.0129095064646364,0.0372881451996175,73.94366197183098,152,-0.6523135591210605,-0.8544328871801419,0.957746478873239,0.3462093095120143,-1.0,0.5877852522924732,-0.8090169943749473
0.0010604453870626,-0.0052687038988409,0.0166545744745303,0.0251042176303146,52.84552845528455,94,0.06367288170319284,-0.2098731726157023,0.11382113821138205,0.6634171231947831,1.0,0.0,1.0
0.0042372881355932,-0.0021052631578947,0.0166567391454424,0.018757871717188,46.7741935483871,118,0.2543886624331256,-0.11223352346686513,-0.12903225806451588,0.8879861487867095,1.0,0.9510565162951535,0.30901699437494745
-0.0084388185654008,-0.0021231422505307,0.0237411594521279,0.020206000103455,34.11764705882352,174,-0.3554508375173758,-0.10507478911770249,-0.6352941176470591,1.1749553390586709,-1.0,0.5877852522924732,-0.8090169943749473
-0.0542553191489362,-0.0778008298755186,0.0268414779567452,0.0196433175168484,28.662420382165607,131,-2.021323081506067,-3.960674677382819,-0.8535031847133757,1.366442520174997,-1.0,-0.587785252292473,-0.8090169943749475
0.014623172103487,-0.0434782608695651,0.0292621827101858,0.0175356165872962,33.72781065088758,107,0.49972919829746243,-2.479424425076615,-0.6508875739644969,1.6687275224818585,1.0,-0.9510565162951536,0.30901699437494723
0.0055617352614014,-0.0382978723404255,0.0154929129666107,0.0179349308053563,35.632183908045974,113,0.35898553638894837,-2.1353776829298354,-0.574712643678161,0.8638396488035084,1.0,0.5877852522924732,-0.8090169943749473
0.0,0.0533926585094548,0.0202654092058933,0.0196619887618164,44.04145077720207,116,0.0,2.715525474101002,-0.23834196891191708,1.0306891710952968,0.0,0.5877852522924732,-0.8090169943749473
-0.0063357972544878,0.0409292035398229,0.019637892177736,0.0199442983027993,54.45026178010472,112,-0.3226310629895518,2.0521746313998888,0.17801047120418872,0.9846364125337808,-1.0,-0.587785252292473,-0.8090169943749475
0.0135416666666665,0.0351063829787234,0.0106013519490223,0.0200625672285767,57.142857142857146,100,1.2773516017831432,1.749844129134049,0.2857142857142858,0.5284142624468986,1.0,0.0,1.0
0.0041109969167523,0.0316789862724393,0.0100544271538573,0.0201531061541715,61.46341463414634,109,0.4088738985429086,1.5719150343844992,0.45853658536585357,0.49890186097975375,1.0,0.9510565162951535,0.30901699437494745
0.0102354145342886,0.0422386483632524,0.0064371136064857,0.0203011842611396,83.72093023255815,176,1.5900602753652184,2.0805991913542403,1.3488372093023258,0.3170805384000278,1.0,0.5877852522924732,-0.8090169943749473
0.0182370820668693,0.0680127523910734,0.0051901121736012,0.0198247922592527,83.4319526627219,147,3.5138059291994246,3.43069007708918,1.337278106508876,0.26179893780170505,1.0,-0.587785252292473,-0.8090169943749475
0.0099502487562188,0.0572916666666667,0.0124256677502992,0.0194259887712896,74.4047619047619,121,0.8007811691381748,2.949226309606287,0.9761904761904759,0.6396411271611708,1.0,-0.9510565162951536,0.30901699437494723
-0.0147783251231526,0.027749229188078,0.025143754309693,0.0219996883162093,65.10416666666667,148,-0.5877530882460391,1.261345896167697,0.6041666666666669,1.1429135958272285,-1.0,0.0,1.0
0.0156739811912225,-0.0151975683890577,0.0239407206044836,0.02212587553785,68.62745098039215,124,0.6546993677915196,-0.6868682549703936,0.7450980392156862,1.0820231607692727,1.0,-0.9510565162951536,0.30901699437494723
0.0286591606960082,-0.0098522167487684,0.0271155079434553,0.0183591532666988,66.49214659685865,119,1.0569283889679664,-0.5366375692425522,0.6596858638743458,1.4769468275626372,1.0,0.9510565162951535,0.30901699437494745
0.0049751243781095,0.01,0.0098487886566291,0.0181743327566677,68.1592039800995,143,0.5051503794080314,0.55022622462269,0.7263681592039802,0.5419061799643804,1.0,0.5877852522924732,-0.8090169943749473
0.0245098039215685,0.0751028806584361,0.012438176009679,0.0176327779949648,71.14427860696517,128,1.9705288136466002,4.259274295130321,0.8457711442786069,0.7054004172925366,1.0,0.0,1.0
0.0,0.0696008188331627,0.0111156205082291,0.0178107641684034,72.76995305164318,134,0.0,3.9077930119756203,0.9107981220657274,0.6240953033893603,0.0,0.9510565162951535,0.30901699437494745
0.0239234449760765,0.0646766169154229,0.0198268365651059,0.0172417250120597,64.52991452991452,104,1.206618757930995,3.751166391908062,0.5811965811965808,1.149932796858208,1.0,0.5877852522924732,-0.8090169943749473
-0.0233644859813083,0.0346534653465346,0.0209909964120055,0.0175550531911116,60.256410256410255,299,-1.1130712612209637,1.9739869329596138,0.41025641025641024,1.1957232043820591,-1.0,-0.587785252292473,-0.8090169943749475
0.0483091787439613,0.0382775119617224,0.0284372188653486,0.0198639931625041,63.671875,192,1.6988005045325325,1.9269787488745573,0.546875,1.4315955667499871,1.0,0.0,1.0
0.0,0.0382775119617224,0.0276071028060971,0.0199502931796652,64.9402390438247,176,0.0,1.918643121210189,0.5976095617529882,1.383793647518914,0.0,0.9510565162951535,0.30901699437494745
0.0,0.0241545893719807,0.0076451278423052,0.0203140143187257,71.15384615384616,148,0.0,1.1890597841666815,0.8461538461538464,0.3763472821708613,0.0,-0.9510565162951536,0.30901699437494723
0.0047169811320755,-0.0184331797235023,0.0084930777602541,0.0204077199456207,61.53846153846154,176,0.5553906029500837,-0.9032449847494125,0.4615384615384616,0.41616964664296874,1.0,0.0,1.0
-0.0140845070422535,-0.032258064516129,0.0085186493214753,0.0204924090300146,57.49999999999999,208,-1.653371324140978,-1.5741462473942984,0.2999999999999997,0.41569759573031867,-1.0,0.9510565162951535,0.30901699437494745
-0.0096153846153845,-0.0283018867924528,0.0071546185239753,0.0174883701286158,44.44444444444444,139,-1.343939043538481,-1.6183252299132682,-0.2222222222222223,0.40910698826064373,-1.0,-0.9510565162951536,0.30901699437494723
-0.0048543689320388,-0.0330188679245283,0.0112841873021154,0.0174520359295249,48.71794871794872,96,-0.43019178077724435,-1.8919769096337222,-0.0512820512820511,0.646582489393127,-1.0,0.0,1.0
0.0146341463414634,-0.0234741784037558,0.0113283297909419,0.017502374047777,44.44444444444444,98,1.291817389973137,-1.3411989097986503,-0.2222222222222223,0.6472449558882081,1.0,0.9510565162951535,0.30901699437494745
0.0095238095238094,0.0192307692307691,0.0073630183089557,0.0165655775197967,59.375,273,1.2934636570968399,1.1608866397154567,0.375,0.44447673830804535,1.0,-0.587785252292473,-0.8090169943749475
0.0234741784037557,0.0634146341463415,0.010150016521985,0.0164822667511129,50.0,167,2.3127208931829424,3.8474438394598414,0.0,0.6158139846365375,1.0,0.0,1.0
-0.0045871559633027,0.0432692307692308,0.0207693484744789,0.0181799348810307,42.42424242424243,182,-0.2208617068716558,2.380052912832466,-0.3030303030303028,1.142431872615303,-1.0,0.9510565162951535,0.30901699437494745
0.0,-0.028169014084507,0.0136274709761197,0.0166650247477442,40.625,153,0.0,-1.690306351645621,-0.375,0.8177283265469536,0.0,-0.9510565162951536,0.30901699437494723
0.0,-0.0504587155963303,0.0132872232578285,0.0123190479716038,41.935483870967744,105,0.0,-4.095988160185689,-0.32258064516129026,1.078590853980587,0.0,0.0,1.0
-0.0096618357487923,-0.0552995391705068,0.0111157888177487,0.0129124257863663,50.0,118,-0.8691985081058823,-4.282657438567498,0.0,0.8608591749579422,-1.0,0.9510565162951535,0.30901699437494745
0.0146341463414634,-0.0095238095238094,0.0111542711579759,0.0131156891339179,48.48484848484849,120,1.3119757458327301,-0.7261381514295582,-0.06060606060606034,0.85045189311566,1.0,0.5877852522924732,-0.8090169943749473
-0.0144230769230768,-0.0096618357487923,0.0123862433022492,0.0131483710842622,45.71428571428572,112,-1.164442270888949,-0.7348308272230503,-0.1714285714285711,0.9420356181396938,-1.0,-0.587785252292473,-0.8090169943749475
-0.0146341463414634,-0.0241545893719806,0.0200352603328648,0.0149759798640051,50.0,120,-0.7304192106386664,-1.6128876682827042,0.0,1.3378254469188506,-1.0,-0.9510565162951536,0.30901699437494723
0.0297029702970297,0.0048309178743961,0.020029018698432,0.0150385803754685,44.73684210526316,82,1.482996042606651,0.3212347536426334,-0.2105263157894737,1.3318414956699711,1.0,0.0,1.0
-0.0096153846153845,0.0048780487804878,0.0200797047791232,0.015317002799887,37.5,148,-0.47886061735207397,0.31847259281025,-0.5,1.3109413069937068,-1.0,0.9510565162951535,0.30901699437494745
-0.0099009900990099,-0.024390243902439,0.0191781774746784,0.0152857201697,27.02702702702703,161,-0.5162630781497212,-1.595621774796623,-0.9189189189189187,1.254645820759951,-1.0,-0.587785252292473,-0.8090169943749475
0.0049999999999998,-0.0049504950495049,0.0087296203438107,0.0153657889879991,26.455026455026456,120,0.5727619387165453,-0.3221762209287851,-0.9417989417989417,0.5681201706874244,1.0,-0.9510565162951536,0.30901699437494723
-0.0089552238805969,-0.0423076923076922,0.0229487669254995,0.0175317587006802,46.1139896373057,116,-0.39022662992755464,-2.4132016016188222,-0.15544041450777202,1.3089818441769157,-1.0,0.0,1.0
0.0391566265060241,0.0048543689320388,0.0206858015567134,0.0179443348717958,55.05050505050505,118,1.8929219382411009,0.2705236087871172,0.20202020202020207,1.152775523681921,1.0,0.9510565162951535,0.30901699437494745
0.014218009478673,0.07,0.0178513318149089,0.0180995982328298,59.17431192660551,115,0.7964672698608319,3.8674870251076032,0.3669724770642205,0.986282773929296,1.0,-0.587785252292473,-0.8090169943749475
0.0046728971962617,0.0696517412935322,0.0179617109578622,0.0173915892180057,59.17431192660551,116,0.26015865669131666,4.004907221034684,0.3669724770642205,1.0327808692409528,1.0,-0.9510565162951536,0.30901699437494723
-0.0093023255813953,0.0692771084337349,0.0109394213248893,0.0175208982924533,58.21596244131455,104,-0.8503481858541155,3.953967869552419,0.3286384976525821,0.624363825338963,-1.0,0.0,1.0
0.0093896713615022,0.038647342995169,0.0107992534497901,0.0160046853831949,59.61538461538462,106,0.8694733122456332,2.4147503010740907,0.3846153846153848,0.6747553259357518,1.0,0.9510565162951535,0.30901699437494745
-0.0093023255813953,0.009478672985782,0.0114777432033729,0.0162575986630622,58.21596244131455,119,-0.8104657258758343,0.5830299635221164,0.3286384976525821,0.7059920952243545,-1.0,0.5877852522924732,-0.8090169943749473
0.0143540669856458,-0.0139534883720929,0.0137443016981357,0.016557551184701,59.067357512953365,99,1.044364192322036,-0.8427260643304018,0.36269430051813456,0.8300921581878422,1.0,-0.9510565162951536,0.30901699437494723
0.0047169811320755,0.0,0.0158197996942822,0.0167632026813091,69.4300518134715,154,0.29816927151660816,0.0,0.7772020725388598,0.943721230234178,1.0,0.0,1.0
0.0187793427230047,0.0093023255813953,0.0158045882216281,0.016738911908697,69.4300518134715,144,1.1882201913431594,0.5557302693766744,0.7772020725388598,0.9441819675027308,1.0,0.9510565162951535,0.30901699437494745
-0.0092165898617511,0.0093896713615022,0.0107773108120482,0.0163661012808407,70.20202020202021,141,-0.8551837717819141,0.5737264766428906,0.8080808080808083,0.658513841627416,-1.0,0.5877852522924732,-0.8090169943749473
0.0093023255813953,0.0382775119617224,0.0134022326646921,0.0163212133297627,68.13725490196079,104,0.6940872370489204,2.345259983785721,0.7254901960784315,0.8211536840043324,1.0,-0.587785252292473,-0.8090169943749475
-0.0138248847926267,0.009433962264151,0.0201996636408477,0.0169061619094032,50.0,115,-0.6844112948770653,0.5580188297330536,0.0,1.1948100225819105,-1.0,-0.9510565162951536,0.30901699437494723
0.0046082949308756,0.0531400966183575,0.0025299210778384,0.0162386982495676,56.75675675675676,95,1.821510068492845,3.2724337306677396,0.27027027027027034,0.15579570979149562,1.0,0.0,1.0
0.0,0.0092592592592593,0.0075490953483159,0.0161428321153259,58.33333333333334,161,0.0,0.573582965943068,0.3333333333333337,0.4676435100079955,0.0,0.9510565162951535,0.30901699437494745
-0.0137614678899082,-0.0046296296296296,0.0075668116899069,0.0159900244228802,51.42857142857142,120,-1.818658936851136,-0.28953218656021434,0.05714285714285694,0.47322047531552025,-1.0,-0.587785252292473,-0.8090169943749475
-0.0093023255813953,-0.0184331797235023,0.0096030688541031,0.0160987480721419,52.77777777777778,103,-0.9686815783482505,-1.1450063191768811,0.11111111111111115,0.5965099177880517,-1.0,-0.9510565162951536,0.30901699437494723
0.0465116279069768,0.0321100917431191,0.0238179188962709,0.0189052651040426,63.41463414634146,135,1.9527990074006383,1.6984725991240854,0.5365853658536586,1.2598557156768275,1.0,0.9510565162951535,0.30901699437494745
-0.004524886877828,0.0328638497652582,0.0253715244402715,0.0188009260013469,68.57142857142857,127,-0.17834502239035957,1.7479900874564875,0.7428571428571428,1.3494819852827475,-1.0,-0.9510565162951536,0.30901699437494723
0.0,0.0232558139534884,0.0126733321738134,0.0195791318891477,48.38709677419355,121,0.0,1.1877851483562003,-0.06451612903225794,0.6472874166583346,0.0,0.0,1.0
-0.0227272727272727,-0.0444444444444444,0.0155741646562261,0.0193725631141913,52.94117647058823,125,-1.459292272556286,-2.2941941776380133,0.11764705882352927,0.8039285522075178,-1.0,0.9510565162951535,0.30901699437494745
0.013953488372093,-0.0353982300884956,0.0157731280335154,0.0199650614516144,44.73684210526316,135,0.8846361670356314,-1.7730079340954852,-0.2105263157894737,0.7900361424571792,1.0,0.5877852522924732,-0.8090169943749473
-0.0229357798165137,-0.0361990950226244,0.025695773814275,0.0216107603729102,54.34782608695652,226,-0.8925892271778839,-1.6750488019622447,0.17391304347826092,1.189026275827977,-1.0,-0.587785252292473,-0.8090169943749475
0.0,0.041860465116279,0.0221469846192835,0.0175540872355825,60.0,142,0.0,2.3846549642796218,0.4,1.2616419017203075,0.0,0.9510565162951535,0.30901699437494745
0.0,0.0275229357798165,0.0153424957694071,0.0177297649226462,65.21739130434783,151,0.0,1.5523567501503652,0.6086956521739131,0.8653519763417957,0.0,0.5877852522924732,-0.8090169943749473
0.0133928571428572,0.0657276995305164,0.0294096668020075,0.0222016807196884,49.122807017543856,254,0.4553894703780969,2.96048172008041,-0.03508771929824576,1.3246588817637697,1.0,0.0,1.0
-0.0572687224669603,-0.0316742081447963,0.0313082699302782,0.0228329197840043,44.23076923076923,160,-1.8291877610170395,-1.3872161148143938,-0.23076923076923067,1.3711893404153213,-1.0,0.9510565162951535,0.30901699437494745
0.0136986301369863,-0.0089285714285713,0.032449390712147,0.023014556033493,52.0,94,0.4221535632816294,-0.38795306483631226,0.08,1.4099501448310405,1.0,-0.587785252292473,-0.8090169943749475
0.0045045045045044,-0.0044642857142856,0.0320348227710874,0.0227872056846945,54.90196078431373,91,0.14061270544761137,-0.19591185584310455,0.19607843137254918,1.4058243540742996,1.0,-0.9510565162951536,0.30901699437494723
-0.0177777777777777,0.0327102803738317,0.0121053302124165,0.0230401762459417,56.86274509803922,104,-1.4685896856944969,1.419705553794874,0.27450980392156876,0.5254007100115665,-1.0,0.9510565162951535,0.30901699437494745
0.004524886877828,0.0136986301369863,0.0112134316870179,0.0205913164465656,52.0,163,0.4035234680059541,0.6652621516410895,0.08,0.5445706334711707,1.0,0.5877852522924732,-0.8090169943749473
-0.009009009009009,-0.009009009009009,0.0109607976915246,0.0206281544848,55.319148936170215,224,-0.8219293014305123,-0.43673342897994377,0.21276595744680862,0.5313510903794244,-1.0,-0.587785252292473,-0.8090169943749475
-0.009090909090909,-0.022421524663677,0.0118803638903041,0.0209438470607885,40.0,323,-0.7652039552667902,-1.0705537475069489,-0.4,0.5672481365692067,-1.0,-0.9510565162951536,0.30901699437494723
-0.0275229357798164,-0.0577777777777778,0.0189519113687715,0.0216860504282173,42.55319148936171,273,-1.4522504206443152,-2.6642818767856498,-0.2978723404255317,0.8739213575238313,-1.0,0.0,1.0
0.0235849056603774,-0.0180995475113122,0.0203420942735223,0.0219205624370421,46.0,157,1.159413271274791,-0.8256877215818959,-0.16,0.9279910153782098,1.0,0.9510565162951535,0.30901699437494745
0.0138248847926267,-0.009009009009009,0.0203495404171362,0.0213741490933439,44.23076923076923,136,0.6793705270748817,-0.42149068740741635,-0.23076923076923067,0.9520627374516559,1.0,0.5877852522924732,-0.8090169943749473
-0.009090909090909,-0.009090909090909,0.0203571881124585,0.0212567920012735,39.21568627450981,139,-0.44656976076415006,-0.4276705917646672,-0.43137254901960775,0.9576787755391848,-1.0,-0.587785252292473,-0.8090169943749475
-0.0091743119266054,-0.0091743119266054,0.0149067702970692,0.0207772229848894,56.09756097560975,120,-0.6154455719998199,-0.4415560018640391,0.2439024390243901,0.7174569543456727,-1.0,-0.9510565162951536,0.30901699437494723
0.0138888888888888,0.0330188679245282,0.0147385574539923,0.0193956957462646,45.00000000000001,114,0.9423499897289309,1.7023803287429882,-0.1999999999999997,0.759887660021383,1.0,0.0,1.0
-0.0186046511627907,-0.0409090909090908,0.0143957041670665,0.0195055155521351,36.58536585365854,118,-1.292374309942407,-2.097307801307247,-0.5365853658536586,0.7380321093419976,-1.0,0.5877852522924732,-0.8090169943749473
