N-gram,TF,DF,TF-IDF,TF期望值,DF期望值,TF卡方值(保留正負號),DF卡方值(保留正負號),MI(用DF),Lift(用DF)
鴻海,4259.0,2442.0,3.18539495213984,2407.26086956522,1380.26086956522,1424.41471571906,816.722408026756,-4.07583882597469,1.76923076923077
供應鏈,2740.0,1516.0,3.97240637322052,1548.69565217391,856.869565217391,916.38795986622,507.023411371237,-4.07583882597469,1.76923076923077
聯準會,1906.0,1189.0,4.28293481444532,1077.30434782609,672.04347826087,637.458193979933,397.658862876254,-4.07583882597469,1.76923076923077
銀行融資,1546.0,737.0,5.06212067657329,876.652173913043,418.826086956522,511.065306879368,241.710442816586,-4.07818954609496,1.75968026575314
工業,1516.0,1069.0,4.37661145145391,856.869565217391,604.217391304348,507.023411371237,357.52508361204,-4.07583882597469,1.76923076923077
晶圓代工,1347.0,886.0,4.65959947166791,761.347826086957,500.782608695652,450.501672240802,296.321070234114,-4.07583882597469,1.76923076923077
美債,1292.0,594.0,5.35307914479908,730.260869565217,335.739130434783,432.107023411371,198.66220735786,-4.07583882597469,1.76923076923077
賣壓,1278.0,952.0,4.50569336319606,722.347826086957,538.086956521739,427.42474916388,318.394648829431,-4.07583882597469,1.76923076923077
籌碼,1189.0,948.0,4.47874910496467,672.04347826087,535.826086956522,397.658862876254,317.056856187291,-4.07583882597469,1.76923076923077
配息,1186.0,387.0,6.06275893363628,670.347826086957,218.739130434783,396.655518394649,129.43143812709,-4.07583882597469,1.76923076923077
黃仁勳,1155.0,471.0,5.69906280425536,652.826086956522,266.217391304348,386.28762541806,157.52508361204,-4.07583882597469,1.76923076923077
航運,1154.0,746.0,4.88723980250589,652.260869565217,421.652173913043,385.953177257525,249.498327759197,-4.07583882597469,1.76923076923077
群創,1098.0,563.0,5.35513324142137,620.608695652174,318.217391304348,367.224080267558,188.294314381271,-4.07583882597469,1.76923076923077
低點,1060.0,773.0,4.78069207526291,599.130434782609,436.913043478261,354.515050167224,258.528428093645,-4.07583882597469,1.76923076923077
融券,1026.0,467.0,5.64176678919885,579.913043478261,263.95652173913,343.14381270903,156.1872909699,-4.07583882597469,1.76923076923077
系統,1013.0,638.0,5.09120229586304,572.565217391304,360.608695652174,338.795986622074,213.377926421405,-4.07583882597469,1.76923076923077
競爭,1001.0,652.0,5.04691254931222,565.782608695652,368.521739130435,334.782608695652,218.060200668896,-4.07583882597469,1.76923076923077
電腦,987.0,606.0,5.16611480456647,557.869565217391,342.521739130435,330.10033444816,202.675585284281,-4.07583882597469,1.76923076923077
世芯,966.0,651.0,5.03006860970357,546.0,367.95652173913,323.076923076923,217.725752508361,-4.07583882597469,1.76923076923077
大立光,959.0,709.0,4.87849465538171,542.04347826087,400.739130434783,320.735785953177,237.123745819398,-4.07583882597469,1.76923076923077
長榮航,956.0,637.0,5.06194588801443,540.347826086957,360.04347826087,319.732441471572,213.04347826087,-4.07583882597469,1.76923076923077
研發,931.0,508.0,5.43736229043535,526.217391304348,287.130434782609,311.371237458194,169.899665551839,-4.07583882597469,1.76923076923077
大法人賣,931.0,309.0,6.29427929551362,526.217391304348,174.652173913043,311.371237458194,103.344481605351,-4.07583882597469,1.76923076923077
中央社,928.0,869.0,4.51038411927401,524.521739130435,491.173913043478,310.367892976588,290.635451505017,-4.07583882597469,1.76923076923077
台達,917.0,724.0,4.81863837844287,518.304347826087,409.217391304348,306.688963210702,242.140468227425,-4.07583882597469,1.76923076923077
魏哲家,903.0,347.0,6.07399553096965,510.391304347826,196.130434782609,302.006688963211,116.053511705686,-4.07583882597469,1.76923076923077
中華,875.0,592.0,5.13847498134291,494.565217391304,334.608695652174,292.642140468228,197.993311036789,-4.07583882597469,1.76923076923077
微軟,865.0,578.0,5.17288872177572,488.913043478261,326.695652173913,289.297658862876,193.311036789298,-4.07583882597469,1.76923076923077
特斯拉,863.0,569.0,5.19839399669318,487.782608695652,321.608695652174,288.628762541806,190.301003344482,-4.07583882597469,1.76923076923077
陽明,860.0,609.0,5.0803091231457,486.086956521739,344.217391304348,287.625418060201,203.678929765886,-4.07583882597469,1.76923076923077
汽車,852.0,529.0,5.31546029553929,481.565217391304,299.0,284.94983277592,176.923076923077,-4.07583882597469,1.76923076923077
奈米製程,851.0,444.0,5.61373089322041,481.0,250.95652173913,284.615384615385,148.494983277592,-4.07583882597469,1.76923076923077
庫存,847.0,475.0,5.49567928394403,478.739130434783,268.478260869565,283.277591973244,158.862876254181,-4.07583882597469,1.76923076923077
現金,841.0,508.0,5.37687284055631,475.347826086957,287.130434782609,281.270903010033,169.899665551839,-4.07583882597469,1.76923076923077
技術面,802.0,617.0,5.01902565600564,453.304347826087,348.739130434783,268.227424749164,206.354515050167,-4.07583882597469,1.76923076923077
友達,773.0,489.0,5.39107738481357,436.913043478261,276.391304347826,258.528428093645,163.545150501672,-4.07583882597469,1.76923076923077
材料,768.0,489.0,5.38716976361471,434.086956521739,276.391304347826,256.85618729097,163.545150501672,-4.07583882597469,1.76923076923077
創意,764.0,515.0,5.29666203493985,431.826086956522,291.086956521739,255.51839464883,172.240802675585,-4.07583882597469,1.76923076923077
自營商賣,752.0,514.0,5.29055556558373,425.04347826087,290.521739130435,251.505016722408,171.90635451505,-4.07583882597469,1.76923076923077
日月光投控,734.0,597.0,5.02488105614834,414.869565217391,337.434782608696,245.484949832776,199.665551839465,-4.07583882597469,1.76923076923077
半年線,723.0,457.0,5.46424123163519,408.652173913043,258.304347826087,241.80602006689,152.842809364548,-4.07583882597469,1.76923076923077
那斯達克指數,715.0,551.0,5.14429304341453,404.130434782609,311.434782608696,239.130434782609,184.280936454849,-4.07583882597469,1.76923076923077
晶圓廠,707.0,353.0,5.88215969131356,399.608695652174,199.521739130435,236.454849498328,118.060200668896,-4.07583882597469,1.76923076923077
日圓,704.0,330.0,5.99192065314765,397.913043478261,186.521739130435,235.451505016722,110.367892976589,-4.07583882597469,1.76923076923077
永豐,697.0,522.0,5.21975701702203,393.95652173913,295.04347826087,233.110367892977,174.581939799331,-4.07583882597469,1.76923076923077
緯穎,693.0,575.0,5.05506163025315,391.695652173913,325.0,231.772575250836,192.307692307692,-4.07583882597469,1.76923076923077
電動,692.0,442.0,5.4929513367098,391.130434782609,249.826086956522,231.438127090301,147.826086956522,-4.07583882597469,1.76923076923077
設廠,684.0,424.0,5.55497509940492,386.608695652174,239.652173913043,228.76254180602,141.80602006689,-4.07583882597469,1.76923076923077
日均線,676.0,331.0,5.95943854562983,382.086956521739,187.086956521739,226.086956521739,110.702341137124,-4.07583882597469,1.76923076923077
財訊,675.0,622.0,4.90935293316045,381.521739130435,351.565217391304,225.752508361204,208.026755852843,-4.07583882597469,1.76923076923077
自營商買,637.0,433.0,5.47549162834101,360.04347826087,244.739130434783,213.04347826087,144.816053511706,-4.07583882597469,1.76923076923077
熊本,634.0,206.0,6.69917331436543,358.347826086957,116.434782608696,212.040133779264,68.8963210702341,-4.07583882597469,1.76923076923077
電子權,628.0,526.0,5.14567732794893,354.95652173913,297.304347826087,210.033444816054,175.919732441472,-4.07583882597469,1.76923076923077
電子權值,622.0,521.0,5.15576531611325,351.565217391304,294.478260869565,208.026755852843,174.247491638796,-4.07583882597469,1.76923076923077
上市櫃,618.0,449.0,5.39682270374949,349.304347826087,253.782608695652,206.688963210702,150.167224080268,-4.07583882597469,1.76923076923077
日收,613.0,484.0,5.26833276646436,346.478260869565,273.565217391304,205.016722408027,161.872909698997,-4.07583882597469,1.76923076923077
弱勢,610.0,482.0,5.27217630807445,344.782608695652,272.434782608696,204.013377926421,161.204013377926,-4.07583882597469,1.76923076923077
盤下,608.0,488.0,5.24985973508057,343.652173913043,275.826086956522,203.344481605351,163.210702341137,-4.07583882597469,1.76923076923077
電動車,604.0,403.0,5.56014254104091,341.391304347826,227.782608695652,202.006688963211,134.782608695652,-4.07583882597469,1.76923076923077
財訊快報,603.0,602.0,4.90020733865912,340.826086956522,340.260869565217,201.672240802676,201.33779264214,-4.07583882597469,1.76923076923077
房市,599.0,235.0,6.439647564322,338.565217391304,132.826086956522,200.334448160535,78.5953177257525,-4.07583882597469,1.76923076923077
系列,597.0,343.0,5.81705726555616,337.434782608696,193.869565217391,199.665551839465,114.715719063545,-4.07583882597469,1.76923076923077
盈餘,595.0,321.0,5.92347702872041,336.304347826087,181.434782608696,198.996655518395,107.357859531773,-4.07583882597469,1.76923076923077
夥伴,592.0,411.0,5.51512303372509,334.608695652174,232.304347826087,197.993311036789,137.458193979933,-4.07583882597469,1.76923076923077
張忠謀,588.0,175.0,6.90851769312559,332.347826086957,98.9130434782609,196.655518394649,58.5284280936455,-4.07583882597469,1.76923076923077
高階,578.0,395.0,5.56480064515035,326.695652173913,223.260869565217,193.311036789298,132.107023411371,-4.07583882597469,1.76923076923077
收盤價,574.0,380.0,5.6235397933175,324.434782608696,214.782608695652,191.973244147157,127.090301003345,-4.07583882597469,1.76923076923077
華碩,572.0,409.0,5.50126183290474,323.304347826087,231.173913043478,191.304347826087,136.789297658863,-4.07583882597469,1.76923076923077
適用,571.0,142.0,7.22607919518081,322.739130434783,80.2608695652174,190.969899665552,47.4916387959866,-4.07583882597469,1.76923076923077
華電,566.0,443.0,5.36440752966512,319.913043478261,250.391304347826,189.297658862876,148.160535117057,-4.07583882597469,1.76923076923077
旗下,565.0,461.0,5.2984098179971,319.347826086957,260.565217391304,188.963210702341,154.180602006689,-4.07583882597469,1.76923076923077
車用,557.0,335.0,5.80904983248266,314.826086956522,189.347826086957,186.28762541806,112.040133779264,-4.07583882597469,1.76923076923077
新低,555.0,371.0,5.64064601564589,313.695652173913,209.695652173913,185.61872909699,124.080267558528,-4.07583882597469,1.76923076923077
大選,554.0,392.0,5.54995072987023,313.130434782609,221.565217391304,185.284280936455,131.103678929766,-4.07583882597469,1.76923076923077
總裁,551.0,414.0,5.45773593007727,311.434782608696,234.0,184.280936454849,138.461538461538,-4.07583882597469,1.76923076923077
日期,542.0,323.0,5.84981884007028,306.347826086957,182.565217391304,181.270903010033,108.026755852843,-4.07583882597469,1.76923076923077
張投信買,530.0,283.0,6.04841912872189,299.565217391304,159.95652173913,177.257525083612,94.6488294314381,-4.07583882597469,1.76923076923077
開發金,530.0,382.0,5.5632319116872,299.565217391304,215.913043478261,177.257525083612,127.759197324415,-4.07583882597469,1.76923076923077
開低走,530.0,434.0,5.35680883201618,299.565217391304,245.304347826087,177.257525083612,145.150501672241,-4.07583882597469,1.76923076923077
總成交,529.0,354.0,5.68510454085057,299.0,200.086956521739,176.923076923077,118.394648829431,-4.07583882597469,1.76923076923077
華航,529.0,371.0,5.60925533754132,299.0,209.695652173913,176.923076923077,124.080267558528,-4.07583882597469,1.76923076923077
處理器,529.0,304.0,5.93133546704234,299.0,171.826086956522,176.923076923077,101.672240802676,-4.07583882597469,1.76923076923077
整合,528.0,358.0,5.66568428718595,298.434782608696,202.347826086957,176.588628762542,119.732441471572,-4.07583882597469,1.76923076923077
環境,528.0,406.0,5.46226837594672,298.434782608696,229.478260869565,176.588628762542,135.785953177258,-4.07583882597469,1.76923076923077
交易所,526.0,392.0,5.51655768102448,297.304347826087,221.565217391304,175.919732441472,131.103678929766,-4.07583882597469,1.76923076923077
業界,524.0,375.0,5.58571983841658,296.173913043478,211.95652173913,175.250836120401,125.418060200669,-4.07583882597469,1.76923076923077
航空,522.0,314.0,5.86986407760385,295.04347826087,177.478260869565,174.581939799331,105.016722408027,-4.07583882597469,1.76923076923077
團隊,517.0,339.0,5.73971628401583,292.217391304348,191.608695652174,172.909698996656,113.377926421405,-4.07583882597469,1.76923076923077
公債,509.0,318.0,5.83219314953089,287.695652173913,179.739130434783,170.234113712375,106.354515050167,-4.07583882597469,1.76923076923077
證交所,508.0,322.0,5.81073113174175,287.130434782609,182.0,169.899665551839,107.692307692308,-4.07583882597469,1.76923076923077
架構,500.0,336.0,5.73155235194754,282.608695652174,189.913043478261,167.224080267559,112.374581939799,-4.07583882597469,1.76923076923077
營業,498.0,299.0,5.91618674325503,281.478260869565,169.0,166.555183946488,100.0,-4.07583882597469,1.76923076923077
處分,498.0,198.0,6.57801297182317,281.478260869565,111.913043478261,166.555183946488,66.2207357859532,-4.07583882597469,1.76923076923077
摩根,498.0,275.0,6.05053849137058,281.478260869565,155.434782608696,166.555183946488,91.9732441471572,-4.07583882597469,1.76923076923077
績效,498.0,278.0,6.03311676926543,281.478260869565,157.130434782609,166.555183946488,92.9765886287626,-4.07583882597469,1.76923076923077
餘額,496.0,257.0,6.15632399887919,280.347826086957,145.260869565217,165.886287625418,85.9531772575251,-4.07583882597469,1.76923076923077
首季,495.0,284.0,5.99457262268451,279.782608695652,160.521739130435,165.551839464883,94.9832775919732,-4.07583882597469,1.76923076923077
中東,494.0,328.0,5.76208469436207,279.217391304348,185.391304347826,165.217391304348,109.698996655518,-4.07583882597469,1.76923076923077
電力,494.0,267.0,6.09216567300298,279.217391304348,150.913043478261,165.217391304348,89.2976588628762,-4.07583882597469,1.76923076923077
劉德音,492.0,157.0,6.94066982412896,278.086956521739,88.7391304347826,164.548494983278,52.5083612040134,-4.07583882597469,1.76923076923077
玉山,487.0,346.0,5.66685706299848,275.260869565217,195.565217391304,162.876254180602,115.71906354515,-4.07583882597469,1.76923076923077
中市,486.0,339.0,5.69820926763374,274.695652173913,191.608695652174,162.541806020067,113.377926421405,-4.07583882597469,1.76923076923077
觀光,485.0,314.0,5.81945145845364,274.130434782609,177.478260869565,162.207357859532,105.016722408027,-4.07583882597469,1.76923076923077
製造業,484.0,314.0,5.81803616064803,273.565217391304,177.478260869565,161.872909698997,105.016722408027,-4.07583882597469,1.76923076923077
散戶,469.0,241.0,6.21831253161664,265.086956521739,136.217391304348,156.85618729097,80.6020066889632,-4.07583882597469,1.76923076923077
平倉,467.0,191.0,6.58570996703904,263.95652173913,107.95652173913,156.1872909699,63.8795986622074,-4.07583882597469,1.76923076923077
獨立,466.0,346.0,5.63743874568824,263.391304347826,195.565217391304,155.852842809364,115.71906354515,-4.07583882597469,1.76923076923077
點成交量,466.0,360.0,5.5742456552897,263.391304347826,203.478260869565,155.852842809364,120.401337792642,-4.07583882597469,1.76923076923077
貨櫃,464.0,325.0,5.73427083319422,262.260869565217,183.695652173913,155.183946488294,108.695652173913,-4.07583882597469,1.76923076923077
合併營收,458.0,258.0,6.09248232428392,258.869565217391,145.826086956522,153.177257525084,86.2876254180602,-4.07583882597469,1.76923076923077
韓國,458.0,266.0,6.04393218013036,258.869565217391,150.347826086957,153.177257525084,88.9632107023411,-4.07583882597469,1.76923076923077
價差,455.0,236.0,6.22932572622385,257.173913043478,133.391304347826,152.173913043478,78.9297658862876,-4.07583882597469,1.76923076923077
創辦人,453.0,292.0,5.88798519288631,256.04347826087,165.04347826087,151.505016722408,97.6588628762542,-4.07583882597469,1.76923076923077
停板,450.0,331.0,5.68443824375926,254.347826086957,187.086956521739,150.501672240803,110.702341137124,-4.07583882597469,1.76923076923077
下台,449.0,405.0,5.36289937081882,253.782608695652,228.913043478261,150.167224080268,135.451505016722,-4.07583882597469,1.76923076923077
美光,445.0,318.0,5.74037234894413,251.521739130435,179.739130434783,148.829431438127,106.354515050167,-4.07583882597469,1.76923076923077
未平倉,443.0,170.0,6.7290366244548,250.391304347826,96.0869565217391,148.160535117057,56.8561872909699,-4.07583882597469,1.76923076923077
聯詠,443.0,280.0,5.93882771837578,250.391304347826,158.260869565217,148.160535117057,93.6454849498327,-4.07583882597469,1.76923076923077
日報,443.0,284.0,5.91636474575985,250.391304347826,160.521739130435,148.160535117057,94.9832775919732,-4.07583882597469,1.76923076923077
站穩,441.0,368.0,5.50306949675779,249.260869565217,208.0,147.491638795987,123.076923076923,-4.07583882597469,1.76923076923077
轉型,440.0,279.0,5.93968269938074,248.695652173913,157.695652173913,147.157190635451,93.3110367892977,-4.07583882597469,1.76923076923077
仁寶,438.0,342.0,5.61447110282932,247.565217391304,193.304347826087,146.488294314381,114.38127090301,-4.07583882597469,1.76923076923077
權重,434.0,186.0,6.57049184304288,245.304347826087,105.130434782609,145.150501672241,62.2073578595318,-4.07583882597469,1.76923076923077
總成交值,433.0,275.0,5.95113474185126,244.739130434783,155.434782608696,144.816053511706,91.9732441471572,-4.07583882597469,1.76923076923077
實現,431.0,334.0,5.64104440056852,243.608695652174,188.782608695652,144.147157190635,111.705685618729,-4.07583882597469,1.76923076923077
生成,428.0,260.0,6.03133959126623,241.913043478261,146.95652173913,143.14381270903,86.9565217391304,-4.07583882597469,1.76923076923077
訊號,428.0,294.0,5.83751497530221,241.913043478261,166.173913043478,143.14381270903,98.3277591973244,-4.07583882597469,1.76923076923077
美系,425.0,221.0,6.28236150330128,240.217391304348,124.913043478261,142.140468227425,73.9130434782609,-4.07583882597469,1.76923076923077
佈局,425.0,337.0,5.61750412525008,240.217391304348,190.478260869565,142.140468227425,112.709030100335,-4.07583882597469,1.76923076923077
保守,424.0,343.0,5.58811926685213,239.652173913043,193.869565217391,141.80602006689,114.715719063545,-4.07583882597469,1.76923076923077
換算,421.0,217.0,6.30400050146373,237.95652173913,122.652173913043,140.802675585284,72.5752508361204,-4.07583882597469,1.76923076923077
終場下,416.0,326.0,5.6552720569749,235.130434782609,184.260869565217,139.130434782609,109.030100334448,-4.07583882597469,1.76923076923077
恐慌,416.0,283.0,5.87759717486745,235.130434782609,159.95652173913,139.130434782609,94.6488294314381,-4.07583882597469,1.76923076923077
尚未,416.0,369.0,5.46053311048527,235.130434782609,208.565217391304,139.130434782609,123.411371237458,-4.07583882597469,1.76923076923077
補助,415.0,175.0,6.63116136392071,234.565217391304,98.9130434782609,138.795986622074,58.5284280936455,-4.07583882597469,1.76923076923077
美國經濟,415.0,336.0,5.60616389261364,234.565217391304,189.913043478261,138.795986622074,112.374581939799,-4.07583882597469,1.76923076923077
時代,414.0,309.0,5.73612975444775,234.0,174.652173913043,138.461538461538,103.344481605351,-4.07583882597469,1.76923076923077
累積,413.0,313.0,5.71426593706442,233.434782608696,176.913043478261,138.127090301003,104.682274247492,-4.07583882597469,1.76923076923077
分類,413.0,241.0,6.12477496518131,233.434782608696,136.217391304348,138.127090301003,80.6020066889632,-4.07583882597469,1.76923076923077
玉山金,413.0,312.0,5.7192911802463,233.434782608696,176.347826086957,138.127090301003,104.347826086957,-4.07583882597469,1.76923076923077
華邦,410.0,311.0,5.7193202209263,231.739130434783,175.782608695652,137.123745819398,104.013377926421,-4.07583882597469,1.76923076923077
物價,408.0,311.0,5.7159582473342,230.608695652174,175.782608695652,136.454849498328,104.013377926421,-4.07583882597469,1.76923076923077
主管,406.0,279.0,5.88274407685578,229.478260869565,157.695652173913,135.785953177258,93.3110367892977,-4.07583882597469,1.76923076923077
決策,406.0,320.0,5.66787159741164,229.478260869565,180.869565217391,135.785953177258,107.023411371237,-4.07583882597469,1.76923076923077
華邦電,405.0,308.0,5.72607046381177,228.913043478261,174.086956521739,135.451505016722,103.010033444816,-4.07583882597469,1.76923076923077
收入,404.0,239.0,6.12161932039186,228.347826086957,135.086956521739,135.117056856187,79.933110367893,-4.07583882597469,1.76923076923077
電信,403.0,275.0,5.90010381626116,227.782608695652,155.434782608696,134.782608695652,91.9732441471572,-4.07583882597469,1.76923076923077
持平,400.0,335.0,5.5860530904067,226.086956521739,189.347826086957,133.779264214047,112.040133779264,-4.07583882597469,1.76923076923077
挫點,399.0,339.0,5.56580460561846,225.521739130435,191.608695652174,133.444816053512,113.377926421405,-4.07583882597469,1.76923076923077
金管,396.0,212.0,6.29417839510817,223.826086956522,119.826086956522,132.441471571906,70.9030100334448,-4.07583882597469,1.76923076923077
中科,318.0,108.0,6.75433164587976,138.260869565217,46.9565217391304,233.660869565217,79.3565217391305,-3.96189547366785,2.3
金龍,275.0,130.0,6.35572214762992,119.565217391304,56.5217391304348,202.065217391304,95.5217391304348,-3.96189547366785,2.3
保護費,262.0,177.0,5.85870249445584,113.913043478261,76.9565217391304,192.513043478261,130.05652173913,-3.96189547366785,2.3
蘇姿丰,238.0,85.0,6.86281347757775,103.478260869565,36.9565217391304,174.878260869565,62.4565217391304,-3.96189547366785,2.3
工研院,238.0,44.0,7.82840052521725,103.478260869565,19.1304347826087,174.878260869565,32.3304347826087,-3.96189547366785,2.3
龍潭,172.0,52.0,7.26664787540773,74.7826086956522,22.6086956521739,126.382608695652,38.2086956521739,-3.96189547366785,2.3
福岡,149.0,22.0,8.31207509673735,64.7826086956522,9.56521739130435,109.482608695652,16.1652173913043,-3.96189547366785,2.3
半導體展,125.0,83.0,6.3264216028694,54.3478260869565,36.0869565217391,91.8478260869565,60.9869565217392,-3.96189547366785,2.3
總統候選人,115.0,102.0,5.97844671211634,50.0,44.3478260869565,84.5,74.9478260869565,-3.96189547366785,2.3
紅海,113.0,65.0,6.56101097692037,49.1304347826087,28.2608695652174,83.0304347826087,47.7608695652174,-3.96189547366785,2.3
晶片代工廠,111.0,95.0,6.04244418463663,48.2608695652174,41.304347826087,81.5608695652174,69.804347826087,-3.96189547366785,2.3
質疑,110.0,93.0,6.06275027238425,47.8260869565217,40.4347826086957,80.8260869565217,68.3347826086956,-3.96189547366785,2.3
美國前總統,110.0,102.0,5.94073804317063,47.8260869565217,44.3478260869565,80.8260869565217,74.9478260869565,-3.96189547366785,2.3
王美花,110.0,31.0,7.51386336642214,47.8260869565217,13.4782608695652,80.8260869565217,22.7782608695652,-3.96189547366785,2.3
宏達電,110.0,75.0,6.34688230227182,47.8260869565217,32.6086956521739,80.8260869565217,55.1086956521739,-3.96189547366785,2.3
台新銀,107.0,17.0,8.27459987512024,46.5217391304348,7.39130434782609,78.6217391304348,12.4913043478261,-3.96189547366785,2.3
反壟斷,106.0,60.0,6.60649420693977,46.0869565217391,26.0869565217391,77.8869565217391,44.0869565217391,-3.96189547366785,2.3
前總統川普,103.0,91.0,6.03427333193419,44.7826086956522,39.5652173913044,75.6826086956521,66.8652173913043,-3.96189547366785,2.3
高雄廠,100.0,48.0,6.84196270887679,43.4782608695652,20.8695652173913,73.4782608695652,35.2695652173913,-3.96189547366785,2.3
自駕,95.0,52.0,6.68764601053187,41.304347826087,22.6086956521739,69.804347826087,38.2086956521739,-3.96189547366785,2.3
龍年開紅盤,92.0,60.0,6.47215454700591,40.0,26.0869565217391,67.6,44.0869565217391,-3.96189547366785,2.3
捷運,90.0,43.0,6.8787380769634,39.1304347826087,18.695652173913,66.1304347826087,31.595652173913,-3.96189547366785,2.3
付保護費,89.0,74.0,6.17208156312945,38.695652173913,32.1739130434783,65.395652173913,54.3739130434783,-3.96189547366785,2.3
康霈,89.0,9.0,8.87074159615156,38.695652173913,3.91304347826087,65.395652173913,6.61304347826087,-3.96189547366785,2.3
候選人川普,89.0,87.0,5.96477621603891,38.695652173913,37.8260869565217,65.395652173913,63.9260869565217,-3.96189547366785,2.3
政府要求,89.0,84.0,6.00972482110295,38.695652173913,36.5217391304348,65.395652173913,61.7217391304348,-3.96189547366785,2.3
羅素,87.0,58.0,6.46243748402433,37.8260869565217,25.2173913043478,63.9260869565217,42.6173913043478,-3.96189547366785,2.3
物流,86.0,42.0,6.86275360281235,37.3913043478261,18.2608695652174,63.1913043478261,30.8608695652174,-3.96189547366785,2.3
美國政府要求,84.0,79.0,6.03649727145872,36.5217391304348,34.3478260869565,61.7217391304348,58.0478260869565,-3.96189547366785,2.3
奈米先進,82.0,74.0,6.09763263460257,35.6521739130435,32.1739130434783,60.2521739130435,54.3739130434783,-3.96189547366785,2.3
工業電腦,81.0,56.0,6.43853494479552,35.2173913043478,24.3478260869565,59.5173913043478,41.1478260869565,-3.96189547366785,2.3
新銀行,80.0,17.0,7.92963513595554,34.7826086956522,7.39130434782609,58.7826086956522,12.4913043478261,-3.96189547366785,2.3
石英,80.0,11.0,8.47848240230434,34.7826086956522,4.78260869565217,58.7826086956522,8.08260869565217,-3.96189547366785,2.3
機組,79.0,25.0,7.42938681623405,34.3478260869565,10.8695652173913,58.0478260869565,18.3695652173913,-3.96189547366785,2.3
台新銀行,79.0,17.0,7.91471352832615,34.3478260869565,7.39130434782609,58.0478260869565,12.4913043478261,-3.96189547366785,2.3
高鋒,78.0,55.0,6.42488297480844,33.9130434782609,23.9130434782609,57.3130434782609,40.4130434782609,-3.96189547366785,2.3
成本價,78.0,78.0,5.98605992759771,33.9130434782609,33.9130434782609,57.3130434782609,57.3130434782609,-3.96189547366785,2.3
售電,73.0,11.0,8.36234239738515,31.7391304347826,4.78260869565217,53.6391304347826,8.08260869565217,-3.96189547366785,2.3
烏克蘭,73.0,44.0,6.63845026105187,31.7391304347826,19.1304347826087,53.6391304347826,32.3304347826087,-3.96189547366785,2.3
興農,71.0,19.0,7.65033066537644,30.8695652173913,8.26086956521739,52.1695652173913,13.9608695652174,-3.96189547366785,2.3
商圈,71.0,24.0,7.36104872012164,30.8695652173913,10.4347826086957,52.1695652173913,17.6347826086957,-3.96189547366785,2.3
小米,68.0,32.0,6.95875351182395,29.5652173913043,13.9130434782609,49.9652173913044,23.5130434782609,-3.96189547366785,2.3
駕車,66.0,32.0,6.9269018625781,28.695652173913,13.9130434782609,48.495652173913,23.5130434782609,-3.96189547366785,2.3
自駕車,65.0,31.0,6.94939746733123,28.2608695652174,13.4782608695652,47.7608695652174,22.7782608695652,-3.96189547366785,2.3
徵才,65.0,16.0,7.75738351328975,28.2608695652174,6.95652173913043,47.7608695652174,11.7565217391304,-3.96189547366785,2.3
以巴衝突,64.0,45.0,6.4785798883282,27.8260869565217,19.5652173913043,47.0260869565217,33.0652173913044,-3.96189547366785,2.3
台特化,64.0,21.0,7.4074064311267,27.8260869565217,9.1304347826087,47.0260869565217,15.4304347826087,-3.96189547366785,2.3
計價,63.0,47.0,6.40992331576109,27.3913043478261,20.4347826086957,46.2913043478261,34.5347826086957,-3.96189547366785,2.3
自住,63.0,42.0,6.54666709165242,27.3913043478261,18.2608695652174,46.2913043478261,30.8608695652174,-3.96189547366785,2.3
支行,63.0,16.0,7.71995275827894,27.3913043478261,6.95652173913043,46.2913043478261,11.7565217391304,-3.96189547366785,2.3
研究員,62.0,32.0,6.86019570442187,26.9565217391304,13.9130434782609,45.5565217391304,23.5130434782609,-3.96189547366785,2.3
動能策略,61.0,9.0,8.37730553462428,26.5217391304348,3.91304347826087,44.8217391304348,6.61304347826087,-3.96189547366785,2.3
黑馬,61.0,44.0,6.4576278937559,26.5217391304348,19.1304347826087,44.8217391304348,32.3304347826087,-3.96189547366785,2.3
龍年封關,61.0,36.0,6.70036987831219,26.5217391304348,15.6521739130435,44.8217391304348,26.4521739130435,-3.96189547366785,2.3
反壟斷調查,60.0,39.0,6.58652673660781,26.0869565217391,16.9565217391304,44.0869565217391,28.6565217391304,-3.96189547366785,2.3
壟斷調查,60.0,39.0,6.58652673660781,26.0869565217391,16.9565217391304,44.0869565217391,28.6565217391304,-3.96189547366785,2.3
楊金龍,60.0,16.0,7.66151742863215,26.0869565217391,6.95652173913043,44.0869565217391,11.7565217391304,-3.96189547366785,2.3
國際半導體展,59.0,50.0,6.27023158889435,25.6521739130435,21.7391304347826,43.3521739130435,36.7391304347826,-3.96189547366785,2.3
設備供應商,59.0,42.0,6.48004248143276,25.6521739130435,18.2608695652174,43.3521739130435,30.8608695652174,-3.96189547366785,2.3
過剩,58.0,42.0,6.4626803298873,25.2173913043478,18.2608695652174,42.6173913043478,30.8608695652174,-3.96189547366785,2.3
治療,58.0,23.0,7.18537603783913,25.2173913043478,10.0,42.6173913043478,16.9,-3.96189547366785,2.3
參選,57.0,44.0,6.38933820906794,24.7826086956522,19.1304347826087,41.8826086956522,32.3304347826087,-3.96189547366785,2.3
運動休閒,56.0,44.0,6.37151673651341,24.3478260869565,19.1304347826087,41.1478260869565,32.3304347826087,-3.96189547366785,2.3
力行,56.0,22.0,7.19880376636689,24.3478260869565,9.56521739130435,41.1478260869565,16.1652173913043,-3.96189547366785,2.3
電子展,56.0,53.0,6.14939940489145,24.3478260869565,23.0434782608696,41.1478260869565,38.9434782608696,-3.96189547366785,2.3
大額,55.0,25.0,7.02616789379939,23.9130434782609,10.8695652173913,40.4130434782609,18.3695652173913,-3.96189547366785,2.3
揚智,52.0,40.0,6.40932106046318,22.6086956521739,17.3913043478261,38.2086956521739,29.3913043478261,-3.96189547366785,2.3
福岡支行,51.0,14.0,7.62388793792837,22.1739130434783,6.08695652173913,37.4739130434783,10.2869565217391,-3.96189547366785,2.3
蔡力行,51.0,19.0,7.26479491280276,22.1739130434783,8.26086956521739,37.4739130434783,13.9608695652174,-3.96189547366785,2.3
中小型股票,51.0,50.0,6.12702951149529,22.1739130434783,21.7391304347826,37.4739130434783,36.7391304347826,-3.96189547366785,2.3
主動處,51.0,9.0,8.14343146599771,22.1739130434783,3.91304347826087,37.4739130434783,6.61304347826087,-3.96189547366785,2.3
晶片技術,50.0,43.0,6.28435467910578,21.7391304347826,18.695652173913,36.7391304347826,31.595652173913,-3.96189547366785,2.3
地主,50.0,23.0,7.01777446026329,21.7391304347826,10.0,36.7391304347826,16.9,-3.96189547366785,2.3
穩定成長,50.0,46.0,6.2053035315608,21.7391304347826,20.0,36.7391304347826,33.8,-3.96189547366785,2.3
晶片事業,49.0,36.0,6.47151678584123,21.304347826087,15.6521739130435,36.004347826087,26.4521739130435,-3.96189547366785,2.3
中港,49.0,32.0,6.60912710121275,21.304347826087,13.9130434782609,36.004347826087,23.5130434782609,-3.96189547366785,2.3
細胞,49.0,11.0,7.85672515336094,21.304347826087,4.78260869565217,36.004347826087,8.08260869565217,-3.96189547366785,2.3
矩形,49.0,22.0,7.0468954390547,21.304347826087,9.56521739130435,36.004347826087,16.1652173913043,-3.96189547366785,2.3
消費者信心指數,48.0,44.0,6.21630443429988,20.8695652173913,19.1304347826087,35.2695652173913,32.3304347826087,-3.96189547366785,2.3
矽光子產業,47.0,25.0,6.85113990585789,20.4347826086957,10.8695652173913,34.5347826086957,18.3695652173913,-3.96189547366785,2.3
光學元件,47.0,37.0,6.39618394086256,20.4347826086957,16.0869565217391,34.5347826086957,27.1869565217391,-3.96189547366785,2.3
龍潭園區,47.0,15.0,7.44394147449347,20.4347826086957,6.52173913043478,34.5347826086957,11.0217391304348,-3.96189547366785,2.3
富邦投信,46.0,17.0,7.2731806989287,20.0,7.39130434782609,33.8,12.4913043478261,-3.96189547366785,2.3
倉儲,46.0,20.0,7.08524039060594,20.0,8.69565217391304,33.8,14.695652173913,-3.96189547366785,2.3
友善,46.0,38.0,6.34298705655935,20.0,16.5217391304348,33.8,27.9217391304348,-3.96189547366785,2.3
中科管理局,46.0,13.0,7.58340681540819,20.0,5.65217391304348,33.8,9.55217391304348,-3.96189547366785,2.3
藥物,46.0,25.0,6.82719249450037,20.0,10.8695652173913,33.8,18.3695652173913,-3.96189547366785,2.3
封關期間,46.0,37.0,6.37382677839691,20.0,16.0869565217391,33.8,27.1869565217391,-3.96189547366785,2.3
準確,46.0,30.0,6.61635201146475,20.0,13.0434782608696,33.8,22.0434782608696,-3.96189547366785,2.3
顯示卡,46.0,27.0,6.73819312781329,20.0,11.7391304347826,33.8,19.8391304347826,-3.96189547366785,2.3
主動處理違規,46.0,8.0,8.14485826523684,20.0,3.47826086956522,33.8,5.87826086956522,-3.96189547366785,2.3
產業聯盟,45.0,24.0,6.8497569108428,19.5652173913043,10.4347826086957,33.0652173913044,17.6347826086957,-3.96189547366785,2.3
市值突破,45.0,36.0,6.38254937874981,19.5652173913043,15.6521739130435,33.0652173913044,26.4521739130435,-3.96189547366785,2.3
合資公司,45.0,28.0,6.67213285083777,19.5652173913043,12.1739130434783,33.0652173913044,20.5739130434783,-3.96189547366785,2.3
醫美,45.0,5.0,8.6572346867475,19.5652173913043,2.17391304347826,33.0652173913044,3.67391304347826,-3.96189547366785,2.3
輝達市值,44.0,31.0,6.53073913265061,19.1304347826087,13.4782608695652,32.3304347826087,22.7782608695652,-3.96189547366785,2.3
法說行情,44.0,39.0,6.26717919991915,19.1304347826087,16.9565217391304,32.3304347826087,28.6565217391304,-3.96189547366785,2.3
製造產業,44.0,22.0,6.92445236523057,19.1304347826087,9.56521739130435,32.3304347826087,16.1652173913043,-3.96189547366785,2.3
徐翊達,43.0,10.0,7.80005829862824,18.695652173913,4.34782608695652,31.595652173913,7.34782608695652,-3.96189547366785,2.3
原訂,43.0,40.0,6.21455230309953,18.695652173913,17.3913043478261,31.595652173913,29.3913043478261,-3.96189547366785,2.3
車站,42.0,22.0,6.87153014504894,18.2608695652174,9.56521739130435,30.8608695652174,16.1652173913043,-3.96189547366785,2.3
台積電溢價,42.0,41.0,6.16230538222461,18.2608695652174,17.8260869565217,30.8608695652174,30.1260869565217,-3.96189547366785,2.3
空屋,42.0,6.0,8.35175477453871,18.2608695652174,2.60869565217391,30.8608695652174,4.40869565217391,-3.96189547366785,2.3
台積電高雄廠,42.0,25.0,6.72589435416209,18.2608695652174,10.8695652173913,30.8608695652174,18.3695652173913,-3.96189547366785,2.3
台積電開盤衝,41.0,41.0,6.13772091039483,17.8260869565217,17.8260869565217,30.1260869565217,30.1260869565217,-3.96189547366785,2.3
蘇鼎宇,41.0,22.0,6.84411622626366,17.8260869565217,9.56521739130435,30.1260869565217,16.1652173913043,-3.96189547366785,2.3
園區三期,41.0,15.0,7.27870427992048,17.8260869565217,6.52173913043478,30.1260869565217,11.0217391304348,-3.96189547366785,2.3
大產業,41.0,34.0,6.35015314425572,17.8260869565217,14.7826086956522,30.1260869565217,24.9826086956522,-3.96189547366785,2.3
期貨上,41.0,23.0,6.79367602841768,17.8260869565217,10.0,30.1260869565217,16.9,-3.96189547366785,2.3
院士,41.0,16.0,7.2054712833733,17.8260869565217,6.95652173913043,30.1260869565217,11.7565217391304,-3.96189547366785,2.3
晶圓製造產業,41.0,19.0,7.01046977031857,17.8260869565217,8.26086956521739,30.1260869565217,13.9608695652174,-3.96189547366785,2.3
遺產,40.0,6.0,8.28429346602935,17.3913043478261,2.60869565217391,29.3913043478261,4.40869565217391,-3.96189547366785,2.3
擴建案,40.0,19.0,6.98169611804854,17.3913043478261,8.26086956521739,29.3913043478261,13.9608695652174,-3.96189547366785,2.3
通報,40.0,23.0,6.76579218067548,17.3913043478261,10.0,29.3913043478261,16.9,-3.96189547366785,2.3
自救,40.0,20.0,6.92373160261962,17.3913043478261,8.69565217391304,29.3913043478261,14.695652173913,-3.96189547366785,2.3
氣勢如虹,40.0,39.0,6.16904414429286,17.3913043478261,16.9565217391304,29.3913043478261,28.6565217391304,-3.96189547366785,2.3
美軍,40.0,25.0,6.67156593501229,17.3913043478261,10.8695652173913,29.3913043478261,18.3695652173913,-3.96189547366785,2.3
釋出利多,40.0,36.0,6.25949723020425,17.3913043478261,15.6521739130435,29.3913043478261,26.4521739130435,-3.96189547366785,2.3
猶豫,40.0,29.0,6.50384238012347,17.3913043478261,12.6086956521739,29.3913043478261,21.3086956521739,-3.96189547366785,2.3
槍擊,39.0,28.0,6.51584718277428,16.9565217391304,12.1739130434783,28.6565217391304,20.5739130434783,-3.96189547366785,2.3
吳一揆,39.0,6.0,8.24928697477678,16.9565217391304,2.60869565217391,28.6565217391304,4.40869565217391,-3.96189547366785,2.3
燃料,38.0,25.0,6.61445025105222,16.5217391304348,10.8695652173913,27.9217391304348,18.3695652173913,-3.96189547366785,2.3
違法,38.0,7.0,8.04066289331691,16.5217391304348,3.04347826086956,27.9217391304348,5.14347826086957,-3.96189547366785,2.3
歷史新天價,38.0,36.0,6.20590929162554,16.5217391304348,15.6521739130435,27.9217391304348,26.4521739130435,-3.96189547366785,2.3
亞馬遜,38.0,38.0,6.14533314572235,16.5217391304348,16.5217391304348,27.9217391304348,27.9217391304348,-3.96189547366785,2.3
變壓,38.0,18.0,6.98250153652911,16.5217391304348,7.82608695652174,27.9217391304348,13.2260869565217,-3.96189547366785,2.3
樂事,38.0,31.0,6.37344252010239,16.5217391304348,13.4782608695652,27.9217391304348,22.7782608695652,-3.96189547366785,2.3
龍潭園區三期,38.0,15.0,7.18677201624245,16.5217391304348,6.52173913043478,27.9217391304348,11.0217391304348,-3.96189547366785,2.3
預拌混凝土,38.0,7.0,8.04066289331691,16.5217391304348,3.04347826086956,27.9217391304348,5.14347826086957,-3.96189547366785,2.3
台灣搶走晶片,38.0,35.0,6.23747154160367,16.5217391304348,15.2173913043478,27.9217391304348,25.7173913043478,-3.96189547366785,2.3
黃厚銘,37.0,14.0,7.23145878881663,16.0869565217391,6.08695652173913,27.1869565217391,10.2869565217391,-3.96189547366785,2.3
變壓器,37.0,17.0,7.01490574478694,16.0869565217391,7.39130434782609,27.1869565217391,12.4913043478261,-3.96189547366785,2.3
保護台灣,37.0,35.0,6.20946857246987,16.0869565217391,15.2173913043478,27.1869565217391,25.7173913043478,-3.96189547366785,2.3
發電機,37.0,14.0,7.23145878881663,16.0869565217391,6.08695652173913,27.1869565217391,10.2869565217391,-3.96189547366785,2.3
樂事綠能,37.0,30.0,6.38140143301996,16.0869565217391,13.0434782608696,27.1869565217391,22.0434782608696,-3.96189547366785,2.3
供需平衡,37.0,25.0,6.58475484563324,16.0869565217391,10.8695652173913,27.1869565217391,18.3695652173913,-3.96189547366785,2.3
市場追價,37.0,34.0,6.24179999092682,16.0869565217391,14.7826086956522,27.1869565217391,24.9826086956522,-3.96189547366785,2.3
投信投資策略,36.0,34.0,6.21287992160823,15.6521739130435,14.7826086956522,26.4521739130435,24.9826086956522,-3.96189547366785,2.3
球場,36.0,14.0,7.19795334331194,15.6521739130435,6.08695652173913,26.4521739130435,10.2869565217391,-3.96189547366785,2.3
麒麟,36.0,11.0,7.46568858176499,15.6521739130435,4.78260869565217,26.4521739130435,8.08260869565217,-3.96189547366785,2.3
合法,36.0,31.0,6.31543167961863,15.6521739130435,13.4782608695652,26.4521739130435,22.7782608695652,-3.96189547366785,2.3
先進晶圓,36.0,27.0,6.46880453728842,15.6521739130435,11.7391304347826,26.4521739130435,19.8391304347826,-3.96189547366785,2.3
培訓,36.0,18.0,6.91894706317572,15.6521739130435,7.82608695652174,26.4521739130435,13.2260869565217,-3.96189547366785,2.3
支出維持,36.0,32.0,6.28018465350672,15.6521739130435,13.9130434782609,26.4521739130435,23.5130434782609,-3.96189547366785,2.3
身分,36.0,26.0,6.51070339917886,15.6521739130435,11.304347826087,26.4521739130435,19.104347826087,-3.96189547366785,2.3
美股休市,36.0,29.0,6.38947164796955,15.6521739130435,12.6086956521739,26.4521739130435,21.3086956521739,-3.96189547366785,2.3
勞動節,36.0,29.0,6.38947164796955,15.6521739130435,12.6086956521739,26.4521739130435,21.3086956521739,-3.96189547366785,2.3
過季線,35.0,30.0,6.3214346878515,15.2173913043478,13.0434782608696,25.7173913043478,22.0434782608696,-3.96189547366785,2.3
付錢,35.0,26.0,6.4795431914345,15.2173913043478,11.304347826087,25.7173913043478,19.104347826087,-3.96189547366785,2.3
前董事,35.0,32.0,6.25012770781619,15.2173913043478,13.9130434782609,25.7173913043478,23.5130434782609,-3.96189547366785,2.3
