N-gram,TF,DF,TF-IDF,TF期望值,DF期望值,TF卡方值(保留正負號),DF卡方值(保留正負號),MI(用DF),Lift(用DF)
中科,318.0,108.0,6.75433164587976,138.260869565217,46.9565217391304,233.660869565217,79.3565217391305,-3.96189547366785,2.3
金龍,275.0,130.0,6.35572214762992,119.565217391304,56.5217391304348,202.065217391304,95.5217391304348,-3.96189547366785,2.3
保護費,262.0,177.0,5.85870249445584,113.913043478261,76.9565217391304,192.513043478261,130.05652173913,-3.96189547366785,2.3
蘇姿丰,238.0,85.0,6.86281347757775,103.478260869565,36.9565217391304,174.878260869565,62.4565217391304,-3.96189547366785,2.3
工研院,238.0,44.0,7.82840052521725,103.478260869565,19.1304347826087,174.878260869565,32.3304347826087,-3.96189547366785,2.3
龍潭,172.0,52.0,7.26664787540773,74.7826086956522,22.6086956521739,126.382608695652,38.2086956521739,-3.96189547366785,2.3
福岡,149.0,22.0,8.31207509673735,64.7826086956522,9.56521739130435,109.482608695652,16.1652173913043,-3.96189547366785,2.3
半導體展,125.0,83.0,6.3264216028694,54.3478260869565,36.0869565217391,91.8478260869565,60.9869565217392,-3.96189547366785,2.3
總統候選人,115.0,102.0,5.97844671211634,50.0,44.3478260869565,84.5,74.9478260869565,-3.96189547366785,2.3
紅海,113.0,65.0,6.56101097692037,49.1304347826087,28.2608695652174,83.0304347826087,47.7608695652174,-3.96189547366785,2.3
晶片代工廠,111.0,95.0,6.04244418463663,48.2608695652174,41.304347826087,81.5608695652174,69.804347826087,-3.96189547366785,2.3
質疑,110.0,93.0,6.06275027238425,47.8260869565217,40.4347826086957,80.8260869565217,68.3347826086956,-3.96189547366785,2.3
美國前總統,110.0,102.0,5.94073804317063,47.8260869565217,44.3478260869565,80.8260869565217,74.9478260869565,-3.96189547366785,2.3
王美花,110.0,31.0,7.51386336642214,47.8260869565217,13.4782608695652,80.8260869565217,22.7782608695652,-3.96189547366785,2.3
宏達電,110.0,75.0,6.34688230227182,47.8260869565217,32.6086956521739,80.8260869565217,55.1086956521739,-3.96189547366785,2.3
台新銀,107.0,17.0,8.27459987512024,46.5217391304348,7.39130434782609,78.6217391304348,12.4913043478261,-3.96189547366785,2.3
反壟斷,106.0,60.0,6.60649420693977,46.0869565217391,26.0869565217391,77.8869565217391,44.0869565217391,-3.96189547366785,2.3
前總統川普,103.0,91.0,6.03427333193419,44.7826086956522,39.5652173913044,75.6826086956521,66.8652173913043,-3.96189547366785,2.3
高雄廠,100.0,48.0,6.84196270887679,43.4782608695652,20.8695652173913,73.4782608695652,35.2695652173913,-3.96189547366785,2.3
自駕,95.0,52.0,6.68764601053187,41.304347826087,22.6086956521739,69.804347826087,38.2086956521739,-3.96189547366785,2.3
龍年開紅盤,92.0,60.0,6.47215454700591,40.0,26.0869565217391,67.6,44.0869565217391,-3.96189547366785,2.3
捷運,90.0,43.0,6.8787380769634,39.1304347826087,18.695652173913,66.1304347826087,31.595652173913,-3.96189547366785,2.3
付保護費,89.0,74.0,6.17208156312945,38.695652173913,32.1739130434783,65.395652173913,54.3739130434783,-3.96189547366785,2.3
康霈,89.0,9.0,8.87074159615156,38.695652173913,3.91304347826087,65.395652173913,6.61304347826087,-3.96189547366785,2.3
候選人川普,89.0,87.0,5.96477621603891,38.695652173913,37.8260869565217,65.395652173913,63.9260869565217,-3.96189547366785,2.3
政府要求,89.0,84.0,6.00972482110295,38.695652173913,36.5217391304348,65.395652173913,61.7217391304348,-3.96189547366785,2.3
羅素,87.0,58.0,6.46243748402433,37.8260869565217,25.2173913043478,63.9260869565217,42.6173913043478,-3.96189547366785,2.3
物流,86.0,42.0,6.86275360281235,37.3913043478261,18.2608695652174,63.1913043478261,30.8608695652174,-3.96189547366785,2.3
美國政府要求,84.0,79.0,6.03649727145872,36.5217391304348,34.3478260869565,61.7217391304348,58.0478260869565,-3.96189547366785,2.3
奈米先進,82.0,74.0,6.09763263460257,35.6521739130435,32.1739130434783,60.2521739130435,54.3739130434783,-3.96189547366785,2.3
工業電腦,81.0,56.0,6.43853494479552,35.2173913043478,24.3478260869565,59.5173913043478,41.1478260869565,-3.96189547366785,2.3
新銀行,80.0,17.0,7.92963513595554,34.7826086956522,7.39130434782609,58.7826086956522,12.4913043478261,-3.96189547366785,2.3
石英,80.0,11.0,8.47848240230434,34.7826086956522,4.78260869565217,58.7826086956522,8.08260869565217,-3.96189547366785,2.3
機組,79.0,25.0,7.42938681623405,34.3478260869565,10.8695652173913,58.0478260869565,18.3695652173913,-3.96189547366785,2.3
台新銀行,79.0,17.0,7.91471352832615,34.3478260869565,7.39130434782609,58.0478260869565,12.4913043478261,-3.96189547366785,2.3
高鋒,78.0,55.0,6.42488297480844,33.9130434782609,23.9130434782609,57.3130434782609,40.4130434782609,-3.96189547366785,2.3
成本價,78.0,78.0,5.98605992759771,33.9130434782609,33.9130434782609,57.3130434782609,57.3130434782609,-3.96189547366785,2.3
烏克蘭,73.0,44.0,6.63845026105187,31.7391304347826,19.1304347826087,53.6391304347826,32.3304347826087,-3.96189547366785,2.3
售電,73.0,11.0,8.36234239738515,31.7391304347826,4.78260869565217,53.6391304347826,8.08260869565217,-3.96189547366785,2.3
興農,71.0,19.0,7.65033066537644,30.8695652173913,8.26086956521739,52.1695652173913,13.9608695652174,-3.96189547366785,2.3
商圈,71.0,24.0,7.36104872012164,30.8695652173913,10.4347826086957,52.1695652173913,17.6347826086957,-3.96189547366785,2.3
小米,68.0,32.0,6.95875351182395,29.5652173913043,13.9130434782609,49.9652173913044,23.5130434782609,-3.96189547366785,2.3
駕車,66.0,32.0,6.9269018625781,28.695652173913,13.9130434782609,48.495652173913,23.5130434782609,-3.96189547366785,2.3
自駕車,65.0,31.0,6.94939746733123,28.2608695652174,13.4782608695652,47.7608695652174,22.7782608695652,-3.96189547366785,2.3
徵才,65.0,16.0,7.75738351328975,28.2608695652174,6.95652173913043,47.7608695652174,11.7565217391304,-3.96189547366785,2.3
以巴衝突,64.0,45.0,6.4785798883282,27.8260869565217,19.5652173913043,47.0260869565217,33.0652173913044,-3.96189547366785,2.3
台特化,64.0,21.0,7.4074064311267,27.8260869565217,9.1304347826087,47.0260869565217,15.4304347826087,-3.96189547366785,2.3
支行,63.0,16.0,7.71995275827894,27.3913043478261,6.95652173913043,46.2913043478261,11.7565217391304,-3.96189547366785,2.3
自住,63.0,42.0,6.54666709165242,27.3913043478261,18.2608695652174,46.2913043478261,30.8608695652174,-3.96189547366785,2.3
計價,63.0,47.0,6.40992331576109,27.3913043478261,20.4347826086957,46.2913043478261,34.5347826086957,-3.96189547366785,2.3
研究員,62.0,32.0,6.86019570442187,26.9565217391304,13.9130434782609,45.5565217391304,23.5130434782609,-3.96189547366785,2.3
動能策略,61.0,9.0,8.37730553462428,26.5217391304348,3.91304347826087,44.8217391304348,6.61304347826087,-3.96189547366785,2.3
黑馬,61.0,44.0,6.4576278937559,26.5217391304348,19.1304347826087,44.8217391304348,32.3304347826087,-3.96189547366785,2.3
龍年封關,61.0,36.0,6.70036987831219,26.5217391304348,15.6521739130435,44.8217391304348,26.4521739130435,-3.96189547366785,2.3
反壟斷調查,60.0,39.0,6.58652673660781,26.0869565217391,16.9565217391304,44.0869565217391,28.6565217391304,-3.96189547366785,2.3
壟斷調查,60.0,39.0,6.58652673660781,26.0869565217391,16.9565217391304,44.0869565217391,28.6565217391304,-3.96189547366785,2.3
楊金龍,60.0,16.0,7.66151742863215,26.0869565217391,6.95652173913043,44.0869565217391,11.7565217391304,-3.96189547366785,2.3
設備供應商,59.0,42.0,6.48004248143276,25.6521739130435,18.2608695652174,43.3521739130435,30.8608695652174,-3.96189547366785,2.3
國際半導體展,59.0,50.0,6.27023158889435,25.6521739130435,21.7391304347826,43.3521739130435,36.7391304347826,-3.96189547366785,2.3
過剩,58.0,42.0,6.4626803298873,25.2173913043478,18.2608695652174,42.6173913043478,30.8608695652174,-3.96189547366785,2.3
治療,58.0,23.0,7.18537603783913,25.2173913043478,10.0,42.6173913043478,16.9,-3.96189547366785,2.3
參選,57.0,44.0,6.38933820906794,24.7826086956522,19.1304347826087,41.8826086956522,32.3304347826087,-3.96189547366785,2.3
運動休閒,56.0,44.0,6.37151673651341,24.3478260869565,19.1304347826087,41.1478260869565,32.3304347826087,-3.96189547366785,2.3
力行,56.0,22.0,7.19880376636689,24.3478260869565,9.56521739130435,41.1478260869565,16.1652173913043,-3.96189547366785,2.3
電子展,56.0,53.0,6.14939940489145,24.3478260869565,23.0434782608696,41.1478260869565,38.9434782608696,-3.96189547366785,2.3
大額,55.0,25.0,7.02616789379939,23.9130434782609,10.8695652173913,40.4130434782609,18.3695652173913,-3.96189547366785,2.3
揚智,52.0,40.0,6.40932106046318,22.6086956521739,17.3913043478261,38.2086956521739,29.3913043478261,-3.96189547366785,2.3
山口,52.0,3.0,9.46465843047562,22.6086956521739,1.30434782608696,38.2086956521739,2.20434782608696,-3.96189547366785,2.3
福岡支行,51.0,14.0,7.62388793792837,22.1739130434783,6.08695652173913,37.4739130434783,10.2869565217391,-3.96189547366785,2.3
蔡力行,51.0,19.0,7.26479491280276,22.1739130434783,8.26086956521739,37.4739130434783,13.9608695652174,-3.96189547366785,2.3
中小型股票,51.0,50.0,6.12702951149529,22.1739130434783,21.7391304347826,37.4739130434783,36.7391304347826,-3.96189547366785,2.3
主動處,51.0,9.0,8.14343146599771,22.1739130434783,3.91304347826087,37.4739130434783,6.61304347826087,-3.96189547366785,2.3
晶片技術,50.0,43.0,6.28435467910578,21.7391304347826,18.695652173913,36.7391304347826,31.595652173913,-3.96189547366785,2.3
地主,50.0,23.0,7.01777446026329,21.7391304347826,10.0,36.7391304347826,16.9,-3.96189547366785,2.3
穩定成長,50.0,46.0,6.2053035315608,21.7391304347826,20.0,36.7391304347826,33.8,-3.96189547366785,2.3
矩形,49.0,22.0,7.0468954390547,21.304347826087,9.56521739130435,36.004347826087,16.1652173913043,-3.96189547366785,2.3
細胞,49.0,11.0,7.85672515336094,21.304347826087,4.78260869565217,36.004347826087,8.08260869565217,-3.96189547366785,2.3
晶片事業,49.0,36.0,6.47151678584123,21.304347826087,15.6521739130435,36.004347826087,26.4521739130435,-3.96189547366785,2.3
中港,49.0,32.0,6.60912710121275,21.304347826087,13.9130434782609,36.004347826087,23.5130434782609,-3.96189547366785,2.3
消費者信心指數,48.0,44.0,6.21630443429988,20.8695652173913,19.1304347826087,35.2695652173913,32.3304347826087,-3.96189547366785,2.3
矽光子產業,47.0,25.0,6.85113990585789,20.4347826086957,10.8695652173913,34.5347826086957,18.3695652173913,-3.96189547366785,2.3
山口縣,47.0,3.0,9.31165772584107,20.4347826086957,1.30434782608696,34.5347826086957,2.20434782608696,-3.96189547366785,2.3
光學元件,47.0,37.0,6.39618394086256,20.4347826086957,16.0869565217391,34.5347826086957,27.1869565217391,-3.96189547366785,2.3
龍潭園區,47.0,15.0,7.44394147449347,20.4347826086957,6.52173913043478,34.5347826086957,11.0217391304348,-3.96189547366785,2.3
富邦投信,46.0,17.0,7.2731806989287,20.0,7.39130434782609,33.8,12.4913043478261,-3.96189547366785,2.3
倉儲,46.0,20.0,7.08524039060594,20.0,8.69565217391304,33.8,14.695652173913,-3.96189547366785,2.3
友善,46.0,38.0,6.34298705655935,20.0,16.5217391304348,33.8,27.9217391304348,-3.96189547366785,2.3
中科管理局,46.0,13.0,7.58340681540819,20.0,5.65217391304348,33.8,9.55217391304348,-3.96189547366785,2.3
藥物,46.0,25.0,6.82719249450037,20.0,10.8695652173913,33.8,18.3695652173913,-3.96189547366785,2.3
封關期間,46.0,37.0,6.37382677839691,20.0,16.0869565217391,33.8,27.1869565217391,-3.96189547366785,2.3
準確,46.0,30.0,6.61635201146475,20.0,13.0434782608696,33.8,22.0434782608696,-3.96189547366785,2.3
顯示卡,46.0,27.0,6.73819312781329,20.0,11.7391304347826,33.8,19.8391304347826,-3.96189547366785,2.3
主動處理違規,46.0,8.0,8.14485826523684,20.0,3.47826086956522,33.8,5.87826086956522,-3.96189547366785,2.3
產業聯盟,45.0,24.0,6.8497569108428,19.5652173913043,10.4347826086957,33.0652173913044,17.6347826086957,-3.96189547366785,2.3
市值突破,45.0,36.0,6.38254937874981,19.5652173913043,15.6521739130435,33.0652173913044,26.4521739130435,-3.96189547366785,2.3
合資公司,45.0,28.0,6.67213285083777,19.5652173913043,12.1739130434783,33.0652173913044,20.5739130434783,-3.96189547366785,2.3
醫美,45.0,5.0,8.6572346867475,19.5652173913043,2.17391304347826,33.0652173913044,3.67391304347826,-3.96189547366785,2.3
製造產業,44.0,22.0,6.92445236523057,19.1304347826087,9.56521739130435,32.3304347826087,16.1652173913043,-3.96189547366785,2.3
法說行情,44.0,39.0,6.26717919991915,19.1304347826087,16.9565217391304,32.3304347826087,28.6565217391304,-3.96189547366785,2.3
輝達市值,44.0,31.0,6.53073913265061,19.1304347826087,13.4782608695652,32.3304347826087,22.7782608695652,-3.96189547366785,2.3
徐翊達,43.0,10.0,7.80005829862824,18.695652173913,4.34782608695652,31.595652173913,7.34782608695652,-3.96189547366785,2.3
郵輪,43.0,3.0,9.17704298041704,18.695652173913,1.30434782608696,31.595652173913,2.20434782608696,-3.96189547366785,2.3
原訂,43.0,40.0,6.21455230309953,18.695652173913,17.3913043478261,31.595652173913,29.3913043478261,-3.96189547366785,2.3
車站,42.0,22.0,6.87153014504894,18.2608695652174,9.56521739130435,30.8608695652174,16.1652173913043,-3.96189547366785,2.3
台積電溢價,42.0,41.0,6.16230538222461,18.2608695652174,17.8260869565217,30.8608695652174,30.1260869565217,-3.96189547366785,2.3
空屋,42.0,6.0,8.35175477453871,18.2608695652174,2.60869565217391,30.8608695652174,4.40869565217391,-3.96189547366785,2.3
台積電高雄廠,42.0,25.0,6.72589435416209,18.2608695652174,10.8695652173913,30.8608695652174,18.3695652173913,-3.96189547366785,2.3
晶圓製造產業,41.0,19.0,7.01046977031857,17.8260869565217,8.26086956521739,30.1260869565217,13.9608695652174,-3.96189547366785,2.3
大產業,41.0,34.0,6.35015314425572,17.8260869565217,14.7826086956522,30.1260869565217,24.9826086956522,-3.96189547366785,2.3
院士,41.0,16.0,7.2054712833733,17.8260869565217,6.95652173913043,30.1260869565217,11.7565217391304,-3.96189547366785,2.3
期貨上,41.0,23.0,6.79367602841768,17.8260869565217,10.0,30.1260869565217,16.9,-3.96189547366785,2.3
台積電開盤衝,41.0,41.0,6.13772091039483,17.8260869565217,17.8260869565217,30.1260869565217,30.1260869565217,-3.96189547366785,2.3
園區三期,41.0,15.0,7.27870427992048,17.8260869565217,6.52173913043478,30.1260869565217,11.0217391304348,-3.96189547366785,2.3
蘇鼎宇,41.0,22.0,6.84411622626366,17.8260869565217,9.56521739130435,30.1260869565217,16.1652173913043,-3.96189547366785,2.3
釋出利多,40.0,36.0,6.25949723020425,17.3913043478261,15.6521739130435,29.3913043478261,26.4521739130435,-3.96189547366785,2.3
猶豫,40.0,29.0,6.50384238012347,17.3913043478261,12.6086956521739,29.3913043478261,21.3086956521739,-3.96189547366785,2.3
美軍,40.0,25.0,6.67156593501229,17.3913043478261,10.8695652173913,29.3913043478261,18.3695652173913,-3.96189547366785,2.3
氣勢如虹,40.0,39.0,6.16904414429286,17.3913043478261,16.9565217391304,29.3913043478261,28.6565217391304,-3.96189547366785,2.3
自救,40.0,20.0,6.92373160261962,17.3913043478261,8.69565217391304,29.3913043478261,14.695652173913,-3.96189547366785,2.3
通報,40.0,23.0,6.76579218067548,17.3913043478261,10.0,29.3913043478261,16.9,-3.96189547366785,2.3
擴建案,40.0,19.0,6.98169611804854,17.3913043478261,8.26086956521739,29.3913043478261,13.9608695652174,-3.96189547366785,2.3
遺產,40.0,6.0,8.28429346602935,17.3913043478261,2.60869565217391,29.3913043478261,4.40869565217391,-3.96189547366785,2.3
槍擊,39.0,28.0,6.51584718277428,16.9565217391304,12.1739130434783,28.6565217391304,20.5739130434783,-3.96189547366785,2.3
吳一揆,39.0,6.0,8.24928697477678,16.9565217391304,2.60869565217391,28.6565217391304,4.40869565217391,-3.96189547366785,2.3
燃料,38.0,25.0,6.61445025105222,16.5217391304348,10.8695652173913,27.9217391304348,18.3695652173913,-3.96189547366785,2.3
違法,38.0,7.0,8.04066289331691,16.5217391304348,3.04347826086956,27.9217391304348,5.14347826086957,-3.96189547366785,2.3
歷史新天價,38.0,36.0,6.20590929162554,16.5217391304348,15.6521739130435,27.9217391304348,26.4521739130435,-3.96189547366785,2.3
亞馬遜,38.0,38.0,6.14533314572235,16.5217391304348,16.5217391304348,27.9217391304348,27.9217391304348,-3.96189547366785,2.3
變壓,38.0,18.0,6.98250153652911,16.5217391304348,7.82608695652174,27.9217391304348,13.2260869565217,-3.96189547366785,2.3
樂事,38.0,31.0,6.37344252010239,16.5217391304348,13.4782608695652,27.9217391304348,22.7782608695652,-3.96189547366785,2.3
龍潭園區三期,38.0,15.0,7.18677201624245,16.5217391304348,6.52173913043478,27.9217391304348,11.0217391304348,-3.96189547366785,2.3
預拌混凝土,38.0,7.0,8.04066289331691,16.5217391304348,3.04347826086956,27.9217391304348,5.14347826086957,-3.96189547366785,2.3
台灣搶走晶片,38.0,35.0,6.23747154160367,16.5217391304348,15.2173913043478,27.9217391304348,25.7173913043478,-3.96189547366785,2.3
供需平衡,37.0,25.0,6.58475484563324,16.0869565217391,10.8695652173913,27.1869565217391,18.3695652173913,-3.96189547366785,2.3
樂事綠能,37.0,30.0,6.38140143301996,16.0869565217391,13.0434782608696,27.1869565217391,22.0434782608696,-3.96189547366785,2.3
市場追價,37.0,34.0,6.24179999092682,16.0869565217391,14.7826086956522,27.1869565217391,24.9826086956522,-3.96189547366785,2.3
發電機,37.0,14.0,7.23145878881663,16.0869565217391,6.08695652173913,27.1869565217391,10.2869565217391,-3.96189547366785,2.3
保護台灣,37.0,35.0,6.20946857246987,16.0869565217391,15.2173913043478,27.1869565217391,25.7173913043478,-3.96189547366785,2.3
變壓器,37.0,17.0,7.01490574478694,16.0869565217391,7.39130434782609,27.1869565217391,12.4913043478261,-3.96189547366785,2.3
黃厚銘,37.0,14.0,7.23145878881663,16.0869565217391,6.08695652173913,27.1869565217391,10.2869565217391,-3.96189547366785,2.3
投信投資策略,36.0,34.0,6.21287992160823,15.6521739130435,14.7826086956522,26.4521739130435,24.9826086956522,-3.96189547366785,2.3
球場,36.0,14.0,7.19795334331194,15.6521739130435,6.08695652173913,26.4521739130435,10.2869565217391,-3.96189547366785,2.3
麒麟,36.0,11.0,7.46568858176499,15.6521739130435,4.78260869565217,26.4521739130435,8.08260869565217,-3.96189547366785,2.3
合法,36.0,31.0,6.31543167961863,15.6521739130435,13.4782608695652,26.4521739130435,22.7782608695652,-3.96189547366785,2.3
先進晶圓,36.0,27.0,6.46880453728842,15.6521739130435,11.7391304347826,26.4521739130435,19.8391304347826,-3.96189547366785,2.3
培訓,36.0,18.0,6.91894706317572,15.6521739130435,7.82608695652174,26.4521739130435,13.2260869565217,-3.96189547366785,2.3
支出維持,36.0,32.0,6.28018465350672,15.6521739130435,13.9130434782609,26.4521739130435,23.5130434782609,-3.96189547366785,2.3
身分,36.0,26.0,6.51070339917886,15.6521739130435,11.304347826087,26.4521739130435,19.104347826087,-3.96189547366785,2.3
美股休市,36.0,29.0,6.38947164796955,15.6521739130435,12.6086956521739,26.4521739130435,21.3086956521739,-3.96189547366785,2.3
勞動節,36.0,29.0,6.38947164796955,15.6521739130435,12.6086956521739,26.4521739130435,21.3086956521739,-3.96189547366785,2.3
營收創高,35.0,34.0,6.18314509617101,15.2173913043478,14.7826086956522,25.7173913043478,24.9826086956522,-3.96189547366785,2.3
釋出鴿派,35.0,33.0,6.21612888027061,15.2173913043478,14.3478260869565,25.7173913043478,24.2478260869565,-3.96189547366785,2.3
房屋集團,35.0,20.0,6.76942283290447,15.2173913043478,8.69565217391304,25.7173913043478,14.695652173913,-3.96189547366785,2.3
零碳,35.0,21.0,6.71551581425845,15.2173913043478,9.1304347826087,25.7173913043478,15.4304347826087,-3.96189547366785,2.3
付錢,35.0,26.0,6.4795431914345,15.2173913043478,11.304347826087,25.7173913043478,19.104347826087,-3.96189547366785,2.3
遇刺,35.0,34.0,6.18314509617101,15.2173913043478,14.7826086956522,25.7173913043478,24.9826086956522,-3.96189547366785,2.3
過季線,35.0,30.0,6.3214346878515,15.2173913043478,13.0434782608696,25.7173913043478,22.0434782608696,-3.96189547366785,2.3
高樓,35.0,3.0,8.86550273220178,15.2173913043478,1.30434782608696,25.7173913043478,2.20434782608696,-3.96189547366785,2.3
前董事,35.0,32.0,6.25012770781619,15.2173913043478,13.9130434782609,25.7173913043478,23.5130434782609,-3.96189547366785,2.3
新高標,34.0,31.0,6.25410417748942,14.7826086956522,13.4782608695652,24.9826086956522,22.7782608695652,-3.96189547366785,2.3
接收,34.0,31.0,6.25410417748942,14.7826086956522,13.4782608695652,24.9826086956522,22.7782608695652,-3.96189547366785,2.3
亞矽,34.0,22.0,6.63114014885454,14.7826086956522,9.56521739130435,24.9826086956522,16.1652173913043,-3.96189547366785,2.3
台積電除息,34.0,33.0,6.18536883907966,14.7826086956522,14.3478260869565,24.9826086956522,24.2478260869565,-3.96189547366785,2.3
慈善,34.0,19.0,6.79231708221135,14.7826086956522,8.26086956521739,24.9826086956522,13.9608695652174,-3.96189547366785,2.3
站上萬點,34.0,21.0,6.68228459478991,14.7826086956522,9.1304347826087,24.9826086956522,15.4304347826087,-3.96189547366785,2.3
進駐龍潭園區,34.0,15.0,7.05220463629816,14.7826086956522,6.52173913043478,24.9826086956522,11.0217391304348,-3.96189547366785,2.3
發動攻勢,34.0,30.0,6.29015354887747,14.7826086956522,13.0434782608696,24.9826086956522,22.0434782608696,-3.96189547366785,2.3
投資設廠,34.0,27.0,6.40598767152858,14.7826086956522,11.7391304347826,24.9826086956522,19.8391304347826,-3.96189547366785,2.3
溢價準備反轉,34.0,34.0,6.15254827272813,14.7826086956522,14.7826086956522,24.9826086956522,24.9826086956522,-3.96189547366785,2.3
台灣房屋集團,34.0,19.0,6.79231708221135,14.7826086956522,8.26086956521739,24.9826086956522,13.9608695652174,-3.96189547366785,2.3
陸客,34.0,30.0,6.29015354887747,14.7826086956522,13.0434782608696,24.9826086956522,22.0434782608696,-3.96189547366785,2.3
李鎮宇,34.0,4.0,8.50535268827392,14.7826086956522,1.73913043478261,24.9826086956522,2.93913043478261,-3.96189547366785,2.3
棒球,33.0,18.0,6.81666767632347,14.3478260869565,7.82608695652174,24.2478260869565,13.2260869565217,-3.96189547366785,2.3
吳東亮,33.0,14.0,7.09154954403108,14.3478260869565,6.08695652173913,24.2478260869565,10.2869565217391,-3.96189547366785,2.3
服務商,33.0,28.0,6.33340130362997,14.3478260869565,12.1739130434783,24.2478260869565,20.5739130434783,-3.96189547366785,2.3
聲量,33.0,5.0,8.21772327929482,14.3478260869565,2.17391304347826,24.2478260869565,3.67391304347826,-3.96189547366785,2.3
洗牌,33.0,25.0,6.45735757981805,14.3478260869565,10.8695652173913,24.2478260869565,18.3695652173913,-3.96189547366785,2.3
馬士基,33.0,21.0,6.6480612534087,14.3478260869565,9.1304347826087,24.2478260869565,15.4304347826087,-3.96189547366785,2.3
資本支出維持,33.0,29.0,6.29501923541355,14.3478260869565,12.6086956521739,24.2478260869565,21.3086956521739,-3.96189547366785,2.3
新盛,33.0,29.0,6.29501923541355,14.3478260869565,12.6086956521739,24.2478260869565,21.3086956521739,-3.96189547366785,2.3
參選人,32.0,26.0,6.38042190797241,13.9130434782609,11.304347826087,23.5130434782609,19.104347826087,-3.96189547366785,2.3
並未改變,32.0,32.0,6.15451592440843,13.9130434782609,13.9130434782609,23.5130434782609,23.5130434782609,-3.96189547366785,2.3
逸達,32.0,6.0,7.97575677193656,13.9130434782609,2.60869565217391,23.5130434782609,4.40869565217391,-3.96189547366785,2.3
岡山,32.0,13.0,7.13454719508367,13.9130434782609,5.65217391304348,23.5130434782609,9.55217391304348,-3.96189547366785,2.3
晶片製造設備,32.0,28.0,6.29979444912231,13.9130434782609,12.1739130434783,23.5130434782609,20.5739130434783,-3.96189547366785,2.3
川普說,32.0,30.0,6.22473208072791,13.9130434782609,13.0434782608696,23.5130434782609,22.0434782608696,-3.96189547366785,2.3
搶走晶片生意,32.0,29.0,6.26161604723311,13.9130434782609,12.6086956521739,23.5130434782609,21.3086956521739,-3.96189547366785,2.3
創天價,32.0,25.0,6.42309297754747,13.9130434782609,10.8695652173913,23.5130434782609,18.3695652173913,-3.96189547366785,2.3
關稅議題,32.0,25.0,6.42309297754747,13.9130434782609,10.8695652173913,23.5130434782609,18.3695652173913,-3.96189547366785,2.3
歷史天價,32.0,27.0,6.33936145721396,13.9130434782609,11.7391304347826,23.5130434782609,19.8391304347826,-3.96189547366785,2.3
展開反彈,31.0,30.0,6.19047130691449,13.4782608695652,13.0434782608696,22.7782608695652,22.0434782608696,-3.96189547366785,2.3
台積電德國廠,31.0,14.0,7.01509513375319,13.4782608695652,6.08695652173913,22.7782608695652,10.2869565217391,-3.96189547366785,2.3
個資,31.0,23.0,6.4779580499894,13.4782608695652,10.0,22.7782608695652,16.9,-3.96189547366785,2.3
近日三大法人,31.0,4.0,8.37056541828679,13.4782608695652,1.73913043478261,22.7782608695652,2.93913043478261,-3.96189547366785,2.3
大洗,31.0,24.0,6.43190920107174,13.4782608695652,10.4347826086957,22.7782608695652,17.6347826086957,-3.96189547366785,2.3
機構投資,31.0,24.0,6.43190920107174,13.4782608695652,10.4347826086957,22.7782608695652,17.6347826086957,-3.96189547366785,2.3
前董事長,31.0,28.0,6.26512053386085,13.4782608695652,12.1739130434783,22.7782608695652,20.5739130434783,-3.96189547366785,2.3
考慮進駐,31.0,16.0,6.87061621850211,13.4782608695652,6.95652173913043,22.7782608695652,11.7565217391304,-3.96189547366785,2.3
理賠,31.0,19.0,6.68467688080496,13.4782608695652,8.26086956521739,22.7782608695652,13.9608695652174,-3.96189547366785,2.3
貢獻大盤指數,31.0,22.0,6.52605417413672,13.4782608695652,9.56521739130435,22.7782608695652,16.1652173913043,-3.96189547366785,2.3
提供客戶,30.0,26.0,6.3090349316799,13.0434782608696,11.304347826087,22.0434782608696,19.104347826087,-3.96189547366785,2.3
掉下來,30.0,22.0,6.48875173131782,13.0434782608696,9.56521739130435,22.0434782608696,16.1652173913043,-3.96189547366785,2.3
晶圓價格,30.0,17.0,6.76612431080725,13.0434782608696,7.39130434782609,22.0434782608696,12.4913043478261,-3.96189547366785,2.3
動能指數,30.0,13.0,7.05472273224732,13.0434782608696,5.65217391304348,22.0434782608696,9.55217391304348,-3.96189547366785,2.3
賴正鎰,29.0,8.0,7.53199650635309,12.6086956521739,3.47826086956522,21.3086956521739,5.87826086956522,-3.96189547366785,2.3
小型企業,29.0,11.0,7.19144021928442,12.6086956521739,4.78260869565217,21.3086956521739,8.08260869565217,-3.96189547366785,2.3
保衛台灣,29.0,24.0,6.35713408397636,12.6086956521739,10.4347826086957,21.3086956521739,17.6347826086957,-3.96189547366785,2.3
杜金龍,29.0,8.0,7.53199650635309,12.6086956521739,3.47826086956522,21.3086956521739,5.87826086956522,-3.96189547366785,2.3
兩萬大關,29.0,21.0,6.49993333810848,12.6086956521739,9.1304347826087,21.3086956521739,15.4304347826087,-3.96189547366785,2.3
經理人蘇鼎宇,29.0,22.0,6.4501845606539,12.6086956521739,9.56521739130435,21.3086956521739,16.1652173913043,-3.96189547366785,2.3
奈米量產,29.0,24.0,6.35713408397636,12.6086956521739,10.4347826086957,21.3086956521739,17.6347826086957,-3.96189547366785,2.3
補足,29.0,29.0,6.15475758008682,12.6086956521739,12.6086956521739,21.3086956521739,21.3086956521739,-3.96189547366785,2.3
局部,29.0,8.0,7.53199650635309,12.6086956521739,3.47826086956522,21.3086956521739,5.87826086956522,-3.96189547366785,2.3
中港股市,29.0,19.0,6.60696317545233,12.6086956521739,8.26086956521739,21.3086956521739,13.9608695652174,-3.96189547366785,2.3
經濟復甦,29.0,24.0,6.35713408397636,12.6086956521739,10.4347826086957,21.3086956521739,17.6347826086957,-3.96189547366785,2.3
公共建設,29.0,12.0,7.09838974260688,12.6086956521739,5.21739130434783,21.3086956521739,8.81739130434783,-3.96189547366785,2.3
跳機,29.0,9.0,7.40603863749118,12.6086956521739,3.91304347826087,21.3086956521739,6.61304347826087,-3.96189547366785,2.3
重申買進,29.0,9.0,7.40603863749118,12.6086956521739,3.91304347826087,21.3086956521739,6.61304347826087,-3.96189547366785,2.3
污染,29.0,15.0,6.85975872059948,12.6086956521739,6.52173913043478,21.3086956521739,11.0217391304348,-3.96189547366785,2.3
台股開紅盤,29.0,27.0,6.23117621511445,12.6086956521739,11.7391304347826,21.3086956521739,19.8391304347826,-3.96189547366785,2.3
龍潭科學園區,29.0,16.0,6.79074084772258,12.6086956521739,6.95652173913043,21.3086956521739,11.7565217391304,-3.96189547366785,2.3
零碳排,29.0,17.0,6.72590852172586,12.6086956521739,7.39130434782609,21.3086956521739,12.4913043478261,-3.96189547366785,2.3
川普保護,29.0,26.0,6.27153594312093,12.6086956521739,11.304347826087,21.3086956521739,19.104347826087,-3.96189547366785,2.3
台股規模,28.0,14.0,6.89062790026818,12.1739130434783,6.08695652173913,20.5739130434783,10.2869565217391,-3.96189547366785,2.3
備援,28.0,25.0,6.27440420816828,12.1739130434783,10.8695652173913,20.5739130434783,18.3695652173913,-3.96189547366785,2.3
產能需求,28.0,21.0,6.45970476142091,12.1739130434783,9.1304347826087,20.5739130434783,15.4304347826087,-3.96189547366785,2.3
疾病,28.0,11.0,7.14693185445868,12.1739130434783,4.78260869565217,20.5739130434783,8.08260869565217,-3.96189547366785,2.3
推案量,28.0,13.0,6.96938890666672,12.1739130434783,5.65217391304348,20.5739130434783,9.55217391304348,-3.96189547366785,2.3
能源科技,28.0,9.0,7.36020210690207,12.1739130434783,3.91304347826087,20.5739130434783,6.61304347826087,-3.96189547366785,2.3
持續創新,28.0,23.0,6.36302111731195,12.1739130434783,10.0,20.5739130434783,16.9,-3.96189547366785,2.3
何世昌,28.0,10.0,7.24822629638245,12.1739130434783,4.34782608695652,20.5739130434783,7.34782608695652,-3.96189547366785,2.3
逸達生技,28.0,5.0,7.98489426794647,12.1739130434783,2.17391304347826,20.5739130434783,3.67391304347826,-3.96189547366785,2.3
嘉里大榮,28.0,6.0,7.79112524574934,12.1739130434783,2.60869565217391,20.5739130434783,4.40869565217391,-3.96189547366785,2.3
消費性電子展,28.0,27.0,6.19261099649077,12.1739130434783,11.7391304347826,20.5739130434783,19.8391304347826,-3.96189547366785,2.3
警訊,28.0,21.0,6.45970476142091,12.1739130434783,9.1304347826087,20.5739130434783,15.4304347826087,-3.96189547366785,2.3
伺服器處理器,28.0,18.0,6.62353413533804,12.1739130434783,7.82608695652174,20.5739130434783,13.2260869565217,-3.96189547366785,2.3
川普保護費,28.0,25.0,6.27440420816828,12.1739130434783,10.8695652173913,20.5739130434783,18.3695652173913,-3.96189547366785,2.3
林憲銘,28.0,6.0,7.79112524574934,12.1739130434783,2.60869565217391,20.5739130434783,4.40869565217391,-3.96189547366785,2.3
房地合一稅,28.0,9.0,7.36020210690207,12.1739130434783,3.91304347826087,20.5739130434783,6.61304347826087,-3.96189547366785,2.3
好市多,28.0,8.0,7.48538041303259,12.1739130434783,3.47826086956522,20.5739130434783,5.87826086956522,-3.96189547366785,2.3
挑戰歷史高,28.0,25.0,6.27440420816828,12.1739130434783,10.8695652173913,20.5739130434783,18.3695652173913,-3.96189547366785,2.3
交保護費,28.0,24.0,6.31778930262129,12.1739130434783,10.4347826086957,20.5739130434783,17.6347826086957,-3.96189547366785,2.3
強力買進,27.0,20.0,6.46953190452019,11.7391304347826,8.69565217391304,19.8391304347826,14.695652173913,-3.96189547366785,2.3
整合元件,27.0,23.0,6.32195337492171,11.7391304347826,10.0,19.8391304347826,16.9,-3.96189547366785,2.3
全球領先,27.0,21.0,6.41801301057362,11.7391304347826,9.1304347826087,19.8391304347826,15.4304347826087,-3.96189547366785,2.3
付費,27.0,25.0,6.23390841050823,11.7391304347826,10.8695652173913,19.8391304347826,18.3695652173913,-3.96189547366785,2.3
機構投資人,27.0,21.0,6.41801301057362,11.7391304347826,9.1304347826087,19.8391304347826,15.4304347826087,-3.96189547366785,2.3
中小型企業,27.0,9.0,7.3126984323906,11.7391304347826,3.91304347826087,19.8391304347826,6.61304347826087,-3.96189547366785,2.3
殖利率上升,27.0,27.0,6.15264310255515,11.7391304347826,11.7391304347826,19.8391304347826,19.8391304347826,-3.96189547366785,2.3
安碁資訊,27.0,22.0,6.36889122972524,11.7391304347826,9.56521739130435,19.8391304347826,16.1652173913043,-3.96189547366785,2.3
名列前茅,27.0,25.0,6.23390841050823,11.7391304347826,10.8695652173913,19.8391304347826,18.3695652173913,-3.96189547366785,2.3
機器人技術,27.0,7.0,7.57806834040907,11.7391304347826,3.04347826086956,19.8391304347826,5.14347826086957,-3.96189547366785,2.3
李家妮,27.0,12.0,7.00892691546138,11.7391304347826,5.21739130434783,19.8391304347826,8.81739130434783,-3.96189547366785,2.3
訊連,27.0,21.0,6.41801301057362,11.7391304347826,9.1304347826087,19.8391304347826,15.4304347826087,-3.96189547366785,2.3
早盤放量,27.0,25.0,6.23390841050823,11.7391304347826,10.8695652173913,19.8391304347826,18.3695652173913,-3.96189547366785,2.3
社團,27.0,19.0,6.52369392341699,11.7391304347826,8.26086956521739,19.8391304347826,13.9608695652174,-3.96189547366785,2.3
數位經濟,27.0,9.0,7.3126984323906,11.7391304347826,3.91304347826087,19.8391304347826,6.61304347826087,-3.96189547366785,2.3
短線修正,27.0,26.0,6.19249416655455,11.7391304347826,11.304347826087,19.8391304347826,19.104347826087,-3.96189547366785,2.3
挑戰歷史高點,27.0,24.0,6.27701349207904,11.7391304347826,10.4347826086957,19.8391304347826,17.6347826086957,-3.96189547366785,2.3
再生能源,27.0,9.0,7.3126984323906,11.7391304347826,3.91304347826087,19.8391304347826,6.61304347826087,-3.96189547366785,2.3
榮譽,27.0,23.0,6.32195337492171,11.7391304347826,10.0,19.8391304347826,16.9,-3.96189547366785,2.3
緘默期,27.0,23.0,6.32195337492171,11.7391304347826,10.0,19.8391304347826,16.9,-3.96189547366785,2.3
奈米訂單,27.0,26.0,6.19249416655455,11.7391304347826,11.304347826087,19.8391304347826,19.104347826087,-3.96189547366785,2.3
虛擬資產,27.0,1.0,9.63280909206152,11.7391304347826,0.434782608695652,19.8391304347826,0.734782608695652,-3.96189547366785,2.3
配息政策,26.0,19.0,6.47971611143129,11.304347826087,8.26086956521739,19.104347826087,13.9608695652174,-3.96189547366785,2.3
彭博商業,26.0,25.0,6.19188411334901,11.304347826087,10.8695652173913,19.104347826087,18.3695652173913,-3.96189547366785,2.3
補缺口,26.0,21.0,6.37474761939889,11.304347826087,9.1304347826087,19.104347826087,15.4304347826087,-3.96189547366785,2.3
寧夏夜市,26.0,9.0,7.26340174855732,11.304347826087,3.91304347826087,19.104347826087,6.61304347826087,-3.96189547366785,2.3
市值突破兆,26.0,23.0,6.27933554518162,11.304347826087,10.0,19.104347826087,16.9,-3.96189547366785,2.3
台積電年營收,26.0,24.0,6.23469861305084,11.304347826087,10.4347826086957,19.104347826087,17.6347826086957,-3.96189547366785,2.3
中美貿易戰,26.0,23.0,6.27933554518162,11.304347826087,10.0,19.104347826087,16.9,-3.96189547366785,2.3
天價市值,26.0,25.0,6.19188411334901,11.304347826087,10.8695652173913,19.104347826087,18.3695652173913,-3.96189547366785,2.3
台新金控,26.0,19.0,6.47971611143129,11.304347826087,8.26086956521739,19.104347826087,13.9608695652174,-3.96189547366785,2.3
紅盤台積電,26.0,23.0,6.27933554518162,11.304347826087,10.0,19.104347826087,16.9,-3.96189547366785,2.3
中央大學,26.0,10.0,7.15289862838326,11.304347826087,4.34782608695652,19.104347826087,7.34782608695652,-3.96189547366785,2.3
看盤軟體,26.0,26.0,6.15074905291551,11.304347826087,11.304347826087,19.104347826087,19.104347826087,-3.96189547366785,2.3
援助,26.0,14.0,6.80000331682899,11.304347826087,6.08695652173913,19.104347826087,10.2869565217391,-3.96189547366785,2.3
中山,26.0,19.0,6.47971611143129,11.304347826087,8.26086956521739,19.104347826087,13.9608695652174,-3.96189547366785,2.3
新興產業,26.0,13.0,6.8777284693838,11.304347826087,5.65217391304348,19.104347826087,9.55217391304348,-3.96189547366785,2.3
晶圓製程,26.0,19.0,6.47971611143129,11.304347826087,8.26086956521739,19.104347826087,13.9608695652174,-3.96189547366785,2.3
波浪,26.0,18.0,6.53642233208903,11.304347826087,7.82608695652174,19.104347826087,13.2260869565217,-3.96189547366785,2.3
台積電本益比,26.0,25.0,6.19188411334901,11.304347826087,10.8695652173913,19.104347826087,18.3695652173913,-3.96189547366785,2.3
黃文清指出,26.0,24.0,6.23469861305084,11.304347826087,10.4347826086957,19.104347826087,17.6347826086957,-3.96189547366785,2.3
淨零碳,26.0,16.0,6.65995431048094,11.304347826087,6.95652173913043,19.104347826087,11.7565217391304,-3.96189547366785,2.3
商品交易,26.0,22.0,6.32595698045692,11.304347826087,9.56521739130435,19.104347826087,16.1652173913043,-3.96189547366785,2.3
亞洲生技,26.0,22.0,6.32595698045692,11.304347826087,9.56521739130435,19.104347826087,16.1652173913043,-3.96189547366785,2.3
美中晶片,26.0,20.0,6.42591921191498,11.304347826087,8.69565217391304,19.104347826087,14.695652173913,-3.96189547366785,2.3
未來台灣,26.0,21.0,6.37474761939889,11.304347826087,9.1304347826087,19.104347826087,15.4304347826087,-3.96189547366785,2.3
美國長期,26.0,25.0,6.19188411334901,11.304347826087,10.8695652173913,19.104347826087,18.3695652173913,-3.96189547366785,2.3
撤銷,26.0,15.0,6.72764293095317,11.304347826087,6.52173913043478,19.104347826087,11.0217391304348,-3.96189547366785,2.3
張繼文,26.0,22.0,6.32595698045692,11.304347826087,9.56521739130435,19.104347826087,16.1652173913043,-3.96189547366785,2.3
製造業務,26.0,17.0,6.59637062518611,11.304347826087,7.39130434782609,19.104347826087,12.4913043478261,-3.96189547366785,2.3
陸續出爐,26.0,24.0,6.23469861305084,11.304347826087,10.4347826086957,19.104347826087,17.6347826086957,-3.96189547366785,2.3
彰顯,26.0,22.0,6.32595698045692,11.304347826087,9.56521739130435,19.104347826087,16.1652173913043,-3.96189547366785,2.3
傳統伺服器,26.0,20.0,6.42591921191498,11.304347826087,8.69565217391304,19.104347826087,14.695652173913,-3.96189547366785,2.3
可能破,25.0,23.0,6.23504600757581,10.8695652173913,10.0,18.3695652173913,16.9,-3.96189547366785,2.3
未爆彈,25.0,7.0,7.47389326508428,10.8695652173913,3.04347826086956,18.3695652173913,5.14347826086957,-3.96189547366785,2.3
廠量,25.0,21.0,6.3297851194042,10.8695652173913,9.1304347826087,18.3695652173913,15.4304347826087,-3.96189547366785,2.3
抱緊,25.0,22.0,6.28133861159245,10.8695652173913,9.56521739130435,18.3695652173913,16.1652173913043,-3.96189547366785,2.3
交易策略,25.0,19.0,6.43401324552657,10.8695652173913,8.26086956521739,18.3695652173913,13.9608695652174,-3.96189547366785,2.3
野村投信投資,25.0,25.0,6.14821138996678,10.8695652173913,10.8695652173913,18.3695652173913,18.3695652173913,-3.96189547366785,2.3
台股萬點,25.0,21.0,6.3297851194042,10.8695652173913,9.1304347826087,18.3695652173913,15.4304347826087,-3.96189547366785,2.3
多行情,25.0,22.0,6.28133861159245,10.8695652173913,9.56521739130435,18.3695652173913,16.1652173913043,-3.96189547366785,2.3
通車,25.0,11.0,7.00319048200548,10.8695652173913,4.78260869565217,18.3695652173913,8.08260869565217,-3.96189547366785,2.3
保護費說,25.0,23.0,6.23504600757581,10.8695652173913,10.0,18.3695652173913,16.9,-3.96189547366785,2.3
矽乙烷,25.0,8.0,7.3348320552457,10.8695652173913,3.47826086956522,18.3695652173913,5.87826086956522,-3.96189547366785,2.3
觀察盤面焦點,25.0,25.0,6.14821138996678,10.8695652173913,10.8695652173913,18.3695652173913,18.3695652173913,-3.96189547366785,2.3
突破萬點,25.0,20.0,6.38059578739972,10.8695652173913,8.69565217391304,18.3695652173913,14.695652173913,-3.96189547366785,2.3
淨零碳排,25.0,15.0,6.6801913825457,10.8695652173913,6.52173913043478,18.3695652173913,11.0217391304348,-3.96189547366785,2.3
吳大任,25.0,5.0,7.82429952822578,10.8695652173913,2.17391304347826,18.3695652173913,3.67391304347826,-3.96189547366785,2.3
補償,25.0,11.0,7.00319048200548,10.8695652173913,4.78260869565217,18.3695652173913,8.08260869565217,-3.96189547366785,2.3
博智,25.0,15.0,6.6801913825457,10.8695652173913,6.52173913043478,18.3695652173913,11.0217391304348,-3.96189547366785,2.3
數據機,25.0,10.0,7.10244765781275,10.8695652173913,4.34782608695652,18.3695652173913,7.34782608695652,-3.96189547366785,2.3
電視面板,25.0,12.0,6.91257577997865,10.8695652173913,5.21739130434783,18.3695652173913,8.81739130434783,-3.96189547366785,2.3
總統參選人,25.0,21.0,6.3297851194042,10.8695652173913,9.1304347826087,18.3695652173913,15.4304347826087,-3.96189547366785,2.3
夫婦,25.0,13.0,6.82921833459398,10.8695652173913,5.65217391304348,18.3695652173913,9.55217391304348,-3.96189547366785,2.3
季平均,25.0,9.0,7.21217137512463,10.8695652173913,3.91304347826087,18.3695652173913,6.61304347826087,-3.96189547366785,2.3
川普言論,24.0,21.0,6.28298691557688,10.4347826086957,9.1304347826087,17.6347826086957,15.4304347826087,-3.96189547366785,2.3
歷史高價,24.0,21.0,6.28298691557688,10.4347826086957,9.1304347826087,17.6347826086957,15.4304347826087,-3.96189547366785,2.3
印能科技,24.0,10.0,7.04993690319894,10.4347826086957,4.34782608695652,17.6347826086957,7.34782608695652,-3.96189547366785,2.3
服務公司,24.0,17.0,6.50141978989406,10.4347826086957,7.39130434782609,17.6347826086957,12.4913043478261,-3.96189547366785,2.3
緯創光寶,24.0,19.0,6.38644444854343,10.4347826086957,8.26086956521739,17.6347826086957,13.9608695652174,-3.96189547366785,2.3
皮衣,24.0,6.0,7.57798379099545,10.4347826086957,2.60869565217391,17.6347826086957,4.40869565217391,-3.96189547366785,2.3
高階智慧,24.0,22.0,6.2348985888889,10.4347826086957,9.56521739130435,17.6347826086957,16.1652173913043,-3.96189547366785,2.3
神龍,24.0,18.0,6.44233441685217,10.4347826086957,7.82608695652174,17.6347826086957,13.2260869565217,-3.96189547366785,2.3
產業方面,24.0,23.0,6.18894824146985,10.4347826086957,10.0,17.6347826086957,16.9,-3.96189547366785,2.3
殖利率上升,24.0,24.0,6.14495383145185,11.7391304347826,11.7391304347826,12.8057971014493,12.8057971014493,-4.01304799611523,2.04444444444444
太陽光電,24.0,15.0,6.63080250882746,10.4347826086957,6.52173913043478,17.6347826086957,11.0217391304348,-3.96189547366785,2.3
持續聚焦,24.0,23.0,6.18894824146985,10.4347826086957,10.0,17.6347826086957,16.9,-3.96189547366785,2.3
許美華,24.0,5.0,7.76645188297074,10.4347826086957,2.17391304347826,17.6347826086957,3.67391304347826,-3.96189547366785,2.3
偷走美國,24.0,16.0,6.56408822582333,10.4347826086957,6.95652173913043,17.6347826086957,11.7565217391304,-3.96189547366785,2.3
保羅,24.0,6.0,7.57798379099545,10.4347826086957,2.60869565217391,17.6347826086957,4.40869565217391,-3.96189547366785,2.3
黃國昌,24.0,4.0,7.99711818536694,10.4347826086957,1.73913043478261,17.6347826086957,2.93913043478261,-3.96189547366785,2.3
美國優先,24.0,18.0,6.44233441685217,10.4347826086957,7.82608695652174,17.6347826086957,13.2260869565217,-3.96189547366785,2.3
限電,24.0,10.0,7.04993690319894,10.4347826086957,4.34782608695652,17.6347826086957,7.34782608695652,-3.96189547366785,2.3
邁威爾,24.0,19.0,6.38644444854343,10.4347826086957,8.26086956521739,17.6347826086957,13.9608695652174,-3.96189547366785,2.3
淡水,24.0,12.0,6.86146881122365,10.4347826086957,5.21739130434783,17.6347826086957,8.81739130434783,-3.96189547366785,2.3
看盤軟體當機,24.0,24.0,6.14495383145185,10.4347826086957,10.4347826086957,17.6347826086957,17.6347826086957,-3.96189547366785,2.3
利多因素,24.0,23.0,6.18894824146985,10.4347826086957,10.0,17.6347826086957,16.9,-3.96189547366785,2.3
產能過剩,24.0,14.0,6.70212130994836,10.4347826086957,6.08695652173913,17.6347826086957,10.2869565217391,-3.96189547366785,2.3
分子,23.0,21.0,6.23419670986082,10.0,9.1304347826087,16.9,15.4304347826087,-3.96189547366785,2.3
首創,23.0,23.0,6.14088828815072,10.0,10.0,16.9,16.9,-3.96189547366785,2.3
晶片給中國,23.0,23.0,6.14088828815072,10.0,10.0,16.9,16.9,-3.96189547366785,2.3
勞動節休市,23.0,21.0,6.23419670986082,10.0,9.1304347826087,16.9,15.4304347826087,-3.96189547366785,2.3
報廢,23.0,17.0,6.45093335513658,10.0,7.39130434782609,16.9,12.4913043478261,-3.96189547366785,2.3
大技術,23.0,23.0,6.14088828815072,10.0,10.0,16.9,16.9,-3.96189547366785,2.3
玩家,23.0,18.0,6.39230680646346,10.0,7.82608695652174,16.9,13.2260869565217,-3.96189547366785,2.3
民眾黨,23.0,5.0,7.70614190777176,10.0,2.17391304347826,16.9,3.67391304347826,-3.96189547366785,2.3
衝破萬點,23.0,22.0,6.1864818105543,10.0,9.56521739130435,16.9,16.1652173913043,-3.96189547366785,2.3
農曆封關,23.0,14.0,6.65007633805201,10.0,6.08695652173913,16.9,10.2869565217391,-3.96189547366785,2.3
健康科技,23.0,8.0,7.22406606284583,10.0,3.47826086956522,16.9,5.87826086956522,-3.96189547366785,2.3
川普一席話,23.0,19.0,6.33685084877544,10.0,8.26086956521739,16.9,13.9608695652174,-3.96189547366785,2.3
公布營收,23.0,23.0,6.14088828815072,10.0,10.0,16.9,16.9,-3.96189547366785,2.3
大產能,23.0,21.0,6.23419670986082,10.0,9.1304347826087,16.9,15.4304347826087,-3.96189547366785,2.3
個股成交值,23.0,21.0,6.23419670986082,10.0,9.1304347826087,16.9,15.4304347826087,-3.96189547366785,2.3
天龍,23.0,19.0,6.33685084877544,10.0,8.26086956521739,16.9,13.9608695652174,-3.96189547366785,2.3
突破月線,23.0,19.0,6.33685084877544,10.0,8.26086956521739,16.9,13.9608695652174,-3.96189547366785,2.3
美國支付,23.0,20.0,6.2842400673,10.0,8.69565217391304,16.9,14.695652173913,-3.96189547366785,2.3
封裝測試光罩,23.0,17.0,6.45093335513658,10.0,7.39130434782609,16.9,12.4913043478261,-3.96189547366785,2.3
台股春節,22.0,20.0,6.23287164629308,9.56521739130435,8.69565217391304,16.1652173913043,14.695652173913,-3.96189547366785,2.3
台股受益人,22.0,10.0,6.9380111357442,9.56521739130435,4.34782608695652,16.1652173913043,7.34782608695652,-3.96189547366785,2.3
酬勞,22.0,9.0,7.04519451945104,9.56521739130435,3.91304347826087,16.1652173913043,6.61304347826087,-3.96189547366785,2.3
樓主,22.0,18.0,6.34005502999992,9.56521739130435,7.82608695652174,16.1652173913043,13.2260869565217,-3.96189547366785,2.3
相關零組件,22.0,21.0,6.18323735156094,9.56521739130435,9.1304347826087,16.1652173913043,15.4304347826087,-3.96189547366785,2.3
測目標,22.0,21.0,6.18323735156094,9.56521739130435,9.1304347826087,16.1652173913043,15.4304347826087,-3.96189547366785,2.3
訊達,22.0,18.0,6.34005502999992,9.56521739130435,7.82608695652174,16.1652173913043,13.2260869565217,-3.96189547366785,2.3
期間大,22.0,19.0,6.28505237851144,9.56521739130435,8.26086956521739,16.1652173913043,13.9608695652174,-3.96189547366785,2.3
神龍擺尾,22.0,17.0,6.39820235553672,9.56521739130435,7.39130434782609,16.1652173913043,12.4913043478261,-3.96189547366785,2.3
達智,22.0,21.0,6.18323735156094,9.56521739130435,9.1304347826087,16.1652173913043,15.4304347826087,-3.96189547366785,2.3
雲端服務商,22.0,18.0,6.34005502999992,9.56521739130435,7.82608695652174,16.1652173913043,13.2260869565217,-3.96189547366785,2.3
陽明交大,22.0,13.0,6.67110764297175,9.56521739130435,5.65217391304348,16.1652173913043,9.55217391304348,-3.96189547366785,2.3
高端疫苗,22.0,18.0,6.34005502999992,9.56521739130435,7.82608695652174,16.1652173913043,13.2260869565217,-3.96189547366785,2.3
高麗,22.0,14.0,6.5957175106675,9.56521739130435,6.08695652173913,16.1652173913043,10.2869565217391,-3.96189547366785,2.3
梧棲,22.0,8.0,7.16501534821305,9.56521739130435,3.47826086956522,16.1652173913043,5.87826086956522,-3.96189547366785,2.3
先進晶圓製程,22.0,15.0,6.52553097663764,9.56521739130435,6.52173913043478,16.1652173913043,11.0217391304348,-3.96189547366785,2.3
晶片類,22.0,19.0,6.28505237851144,9.56521739130435,8.26086956521739,16.1652173913043,13.9608695652174,-3.96189547366785,2.3
台積電不可能,22.0,21.0,6.18323735156094,9.56521739130435,9.1304347826087,16.1652173913043,15.4304347826087,-3.96189547366785,2.3
參選人川普,22.0,19.0,6.28505237851144,9.56521739130435,8.26086956521739,16.1652173913043,13.9608695652174,-3.96189547366785,2.3
季增毛利率,22.0,18.0,6.34005502999992,9.56521739130435,7.82608695652174,16.1652173913043,13.2260869565217,-3.96189547366785,2.3
國際科技,22.0,17.0,6.39820235553672,9.56521739130435,7.39130434782609,16.1652173913043,12.4913043478261,-3.96189547366785,2.3
高雄市政府,22.0,11.0,6.84105197120945,9.56521739130435,4.78260869565217,16.1652173913043,8.08260869565217,-3.96189547366785,2.3
台灣晶片技術,22.0,20.0,6.23287164629308,9.56521739130435,8.69565217391304,16.1652173913043,14.695652173913,-3.96189547366785,2.3
基石,22.0,22.0,6.13591248175833,9.56521739130435,9.56521739130435,16.1652173913043,16.1652173913043,-3.96189547366785,2.3
買賣移轉棟數,22.0,10.0,6.9380111357442,9.56521739130435,4.34782608695652,16.1652173913043,7.34782608695652,-3.96189547366785,2.3
俄州,22.0,15.0,6.52553097663764,9.56521739130435,6.52173913043478,16.1652173913043,11.0217391304348,-3.96189547366785,2.3
兆豐金中信,22.0,22.0,6.13591248175833,9.56521739130435,9.56521739130435,16.1652173913043,16.1652173913043,-3.96189547366785,2.3
軍方,22.0,14.0,6.5957175106675,9.56521739130435,6.08695652173913,16.1652173913043,10.2869565217391,-3.96189547366785,2.3
嚴厲,22.0,20.0,6.23287164629308,9.56521739130435,8.69565217391304,16.1652173913043,14.695652173913,-3.96189547366785,2.3
群華,22.0,22.0,6.13591248175833,9.56521739130435,9.56521739130435,16.1652173913043,16.1652173913043,-3.96189547366785,2.3
房價高,22.0,19.0,6.28505237851144,9.56521739130435,8.26086956521739,16.1652173913043,13.9608695652174,-3.96189547366785,2.3
車機,22.0,21.0,6.18323735156094,9.56521739130435,9.1304347826087,16.1652173913043,15.4304347826087,-3.96189547366785,2.3
買主,22.0,14.0,6.5957175106675,9.56521739130435,6.08695652173913,16.1652173913043,10.2869565217391,-3.96189547366785,2.3
晶片王,22.0,22.0,6.13591248175833,9.56521739130435,9.56521739130435,16.1652173913043,16.1652173913043,-3.96189547366785,2.3
電動車科技,22.0,7.0,7.30085700011862,9.56521739130435,3.04347826086956,16.1652173913043,5.14347826086957,-3.96189547366785,2.3
扣除保險,22.0,15.0,6.52553097663764,9.56521739130435,6.52173913043478,16.1652173913043,11.0217391304348,-3.96189547366785,2.3
台積電拉尾,22.0,21.0,6.18323735156094,9.56521739130435,9.1304347826087,16.1652173913043,15.4304347826087,-3.96189547366785,2.3
費用率,22.0,9.0,7.04519451945104,9.56521739130435,3.91304347826087,16.1652173913043,6.61304347826087,-3.96189547366785,2.3
維持買進評等,21.0,11.0,6.78204792580127,9.1304347826087,4.78260869565217,15.4304347826087,8.08260869565217,-3.96189547366785,2.3
地震損失,21.0,15.0,6.46924829852345,9.1304347826087,6.52173913043478,15.4304347826087,11.0217391304348,-3.96189547366785,2.3
聲勢,21.0,20.0,6.17911315371198,9.1304347826087,8.69565217391304,15.4304347826087,14.695652173913,-3.96189547366785,2.3
陳依旻,21.0,19.0,6.23084382732733,9.1304347826087,8.26086956521739,15.4304347826087,13.9608695652174,-3.96189547366785,2.3
小型指數,21.0,14.0,6.53882947398297,9.1304347826087,6.08695652173913,15.4304347826087,10.2869565217391,-3.96189547366785,2.3
晶片管制,21.0,18.0,6.28537208117058,9.1304347826087,7.82608695652174,15.4304347826087,13.2260869565217,-3.96189547366785,2.3
金釵,21.0,17.0,6.3430178862613,9.1304347826087,7.39130434782609,15.4304347826087,12.4913043478261,-3.96189547366785,2.3
日封,21.0,20.0,6.17911315371198,9.1304347826087,8.69565217391304,15.4304347826087,14.695652173913,-3.96189547366785,2.3
外資青睞,21.0,19.0,6.23084382732733,9.1304347826087,8.26086956521739,15.4304347826087,13.9608695652174,-3.96189547366785,2.3
龍巖,21.0,6.0,7.39335226480824,9.1304347826087,2.60869565217391,15.4304347826087,4.40869565217391,-3.96189547366785,2.3
銜接,21.0,17.0,6.3430178862613,9.1304347826087,7.39130434782609,15.4304347826087,12.4913043478261,-3.96189547366785,2.3
光罩製作,21.0,15.0,6.46924829852345,9.1304347826087,6.52173913043478,15.4304347826087,11.0217391304348,-3.96189547366785,2.3
投資展望,21.0,14.0,6.53882947398297,9.1304347826087,6.08695652173913,15.4304347826087,10.2869565217391,-3.96189547366785,2.3
持續暢旺,21.0,20.0,6.17911315371198,9.1304347826087,8.69565217391304,15.4304347826087,14.695652173913,-3.96189547366785,2.3
美國長期坐視,21.0,20.0,6.17911315371198,9.1304347826087,8.69565217391304,15.4304347826087,14.695652173913,-3.96189547366785,2.3
換機潮,21.0,21.0,6.12990695456988,9.1304347826087,9.1304347826087,15.4304347826087,15.4304347826087,-3.96189547366785,2.3
利率下降,21.0,19.0,6.23084382732733,9.1304347826087,8.26086956521739,15.4304347826087,13.9608695652174,-3.96189547366785,2.3
胡采蘋,21.0,5.0,7.57722848216111,9.1304347826087,2.17391304347826,15.4304347826087,3.67391304347826,-3.96189547366785,2.3
質疑美國,21.0,19.0,6.23084382732733,9.1304347826087,8.26086956521739,15.4304347826087,13.9608695652174,-3.96189547366785,2.3
刪除文章,21.0,3.0,8.09240992903281,9.1304347826087,1.30434782608696,15.4304347826087,2.20434782608696,-3.96189547366785,2.3
金錢,21.0,17.0,6.3430178862613,9.1304347826087,7.39130434782609,15.4304347826087,12.4913043478261,-3.96189547366785,2.3
喜訊,21.0,19.0,6.23084382732733,9.1304347826087,8.26086956521739,15.4304347826087,13.9608695652174,-3.96189547366785,2.3
長期坐視台灣,21.0,20.0,6.17911315371198,9.1304347826087,8.69565217391304,15.4304347826087,14.695652173913,-3.96189547366785,2.3
餐敘,21.0,14.0,6.53882947398297,9.1304347826087,6.08695652173913,15.4304347826087,10.2869565217391,-3.96189547366785,2.3
歷史最高,21.0,21.0,6.12990695456988,9.1304347826087,9.1304347826087,15.4304347826087,15.4304347826087,-3.96189547366785,2.3
保險理賠,21.0,15.0,6.46924829852345,9.1304347826087,6.52173913043478,15.4304347826087,11.0217391304348,-3.96189547366785,2.3
創今年新高,21.0,19.0,6.23084382732733,9.1304347826087,8.26086956521739,15.4304347826087,13.9608695652174,-3.96189547366785,2.3
盛群,21.0,18.0,6.28537208117058,9.1304347826087,7.82608695652174,15.4304347826087,13.2260869565217,-3.96189547366785,2.3
震盪逾點,21.0,17.0,6.3430178862613,9.1304347826087,7.39130434782609,15.4304347826087,12.4913043478261,-3.96189547366785,2.3
鴿派訊息,21.0,18.0,6.28537208117058,9.1304347826087,7.82608695652174,15.4304347826087,13.2260869565217,-3.96189547366785,2.3
創史上新高,21.0,20.0,6.17911315371198,9.1304347826087,8.69565217391304,15.4304347826087,14.695652173913,-3.96189547366785,2.3
炒熱,21.0,20.0,6.17911315371198,9.1304347826087,8.69565217391304,15.4304347826087,14.695652173913,-3.96189547366785,2.3
點創新高,21.0,21.0,6.12990695456988,9.1304347826087,9.1304347826087,15.4304347826087,15.4304347826087,-3.96189547366785,2.3
連線,21.0,17.0,6.3430178862613,9.1304347826087,7.39130434782609,15.4304347826087,12.4913043478261,-3.96189547366785,2.3
高人氣,21.0,18.0,6.28537208117058,9.1304347826087,7.82608695652174,15.4304347826087,13.2260869565217,-3.96189547366785,2.3
今年晶圓,21.0,19.0,6.23084382732733,9.1304347826087,8.26086956521739,15.4304347826087,13.9608695652174,-3.96189547366785,2.3
台股未來,21.0,18.0,6.28537208117058,9.1304347826087,7.82608695652174,15.4304347826087,13.2260869565217,-3.96189547366785,2.3
消費電子展,21.0,21.0,6.12990695456988,9.1304347826087,9.1304347826087,15.4304347826087,15.4304347826087,-3.96189547366785,2.3
總經理張繼文,21.0,21.0,6.12990695456988,9.1304347826087,9.1304347826087,15.4304347826087,15.4304347826087,-3.96189547366785,2.3
盤縮,21.0,19.0,6.23084382732733,9.1304347826087,8.26086956521739,15.4304347826087,13.9608695652174,-3.96189547366785,2.3
日量能,21.0,17.0,6.3430178862613,9.1304347826087,7.39130434782609,15.4304347826087,12.4913043478261,-3.96189547366785,2.3
洗三溫暖,21.0,19.0,6.23084382732733,9.1304347826087,8.26086956521739,15.4304347826087,13.9608695652174,-3.96189547366785,2.3
外資大買,21.0,19.0,6.23084382732733,9.1304347826087,8.26086956521739,15.4304347826087,13.9608695652174,-3.96189547366785,2.3
投資詐騙,21.0,6.0,7.39335226480824,9.1304347826087,2.60869565217391,15.4304347826087,4.40869565217391,-3.96189547366785,2.3
研院院士,21.0,15.0,6.46924829852345,9.1304347826087,6.52173913043478,15.4304347826087,11.0217391304348,-3.96189547366785,2.3
租約,21.0,12.0,6.69429460058368,9.1304347826087,5.21739130434783,15.4304347826087,8.81739130434783,-3.96189547366785,2.3
市值占比,21.0,13.0,6.61356936670294,9.1304347826087,5.65217391304348,15.4304347826087,9.55217391304348,-3.96189547366785,2.3
石門水庫,20.0,3.0,8.0185700059163,8.69565217391304,1.30434782608696,14.695652173913,2.20434782608696,-3.96189547366785,2.3
小港,20.0,7.0,7.17184438524544,8.69565217391304,3.04347826086956,14.695652173913,5.14347826086957,-3.96189547366785,2.3
乙太,20.0,10.0,6.8154103289311,8.69565217391304,4.34782608695652,14.695652173913,7.34782608695652,-3.96189547366785,2.3
科技電動車,20.0,7.0,7.17184438524544,8.69565217391304,3.04347826086956,14.695652173913,5.14347826086957,-3.96189547366785,2.3
遺產稅,20.0,6.0,7.32589095629888,8.69565217391304,2.60869565217391,14.695652173913,4.40869565217391,-3.96189547366785,2.3
太陽能板,20.0,5.0,7.50808937854852,8.69565217391304,2.17391304347826,14.695652173913,3.67391304347826,-3.96189547366785,2.3
裝測試光罩製,20.0,14.0,6.47916533562802,8.69565217391304,6.08695652173913,14.695652173913,10.2869565217391,-3.96189547366785,2.3
平均房貸,20.0,5.0,7.50808937854852,8.69565217391304,2.17391304347826,14.695652173913,3.67391304347826,-3.96189547366785,2.3
救英特爾,20.0,17.0,6.28514044837128,8.69565217391304,7.39130434782609,14.695652173913,12.4913043478261,-3.96189547366785,2.3
入侵,20.0,15.0,6.41021905986974,8.69565217391304,6.52173913043478,14.695652173913,11.0217391304348,-3.96189547366785,2.3
副作用,20.0,3.0,8.0185700059163,8.69565217391304,1.30434782608696,14.695652173913,2.20434782608696,-3.96189547366785,2.3
高科技基金,20.0,12.0,6.63321190668147,8.69565217391304,5.21739130434783,14.695652173913,8.81739130434783,-3.96189547366785,2.3
晶圓代工產值,20.0,13.0,6.55322325746656,8.69565217391304,5.65217391304348,14.695652173913,9.55217391304348,-3.96189547366785,2.3
全球政經,20.0,9.0,6.92069968723752,8.69565217391304,3.91304347826087,14.695652173913,6.61304347826087,-3.96189547366785,2.3
英業達神達,20.0,15.0,6.41021905986974,8.69565217391304,6.52173913043478,14.695652173913,11.0217391304348,-3.96189547366785,2.3
貢獻大盤點,20.0,20.0,6.12273127931368,8.69565217391304,8.69565217391304,14.695652173913,14.695652173913,-3.96189547366785,2.3
低谷,20.0,20.0,6.12273127931368,8.69565217391304,8.69565217391304,14.695652173913,14.695652173913,-3.96189547366785,2.3
年增每股稅後,20.0,14.0,6.47916533562802,8.69565217391304,6.08695652173913,14.695652173913,10.2869565217391,-3.96189547366785,2.3
工研院院士,20.0,14.0,6.47916533562802,8.69565217391304,6.08695652173913,14.695652173913,10.2869565217391,-3.96189547366785,2.3
聯合報,20.0,15.0,6.41021905986974,8.69565217391304,6.52173913043478,14.695652173913,11.0217391304348,-3.96189547366785,2.3
美國付保護費,20.0,19.0,6.17398993173929,8.69565217391304,8.26086956521739,14.695652173913,13.9608695652174,-3.96189547366785,2.3
全球重要,20.0,20.0,6.12273127931368,8.69565217391304,8.69565217391304,14.695652173913,14.695652173913,-3.96189547366785,2.3
今年伺服器,20.0,18.0,6.22802063762011,8.69565217391304,7.82608695652174,14.695652173913,13.2260869565217,-3.96189547366785,2.3
頭獎,20.0,5.0,7.50808937854852,8.69565217391304,2.17391304347826,14.695652173913,3.67391304347826,-3.96189547366785,2.3
演算法,20.0,16.0,6.3457241261254,8.69565217391304,6.95652173913043,14.695652173913,11.7565217391304,-3.96189547366785,2.3
扣除保險理賠,20.0,14.0,6.47916533562802,8.69565217391304,6.08695652173913,14.695652173913,10.2869565217391,-3.96189547366785,2.3
全球通膨,20.0,18.0,6.22802063762011,8.69565217391304,7.82608695652174,14.695652173913,13.2260869565217,-3.96189547366785,2.3
追高殺低,20.0,18.0,6.22802063762011,8.69565217391304,7.82608695652174,14.695652173913,13.2260869565217,-3.96189547366785,2.3
技嘉華碩,20.0,16.0,6.3457241261254,8.69565217391304,6.95652173913043,14.695652173913,11.7565217391304,-3.96189547366785,2.3
倉口,20.0,14.0,6.47916533562802,8.69565217391304,6.08695652173913,14.695652173913,10.2869565217391,-3.96189547366785,2.3
空單水位,20.0,19.0,6.17398993173929,8.69565217391304,8.26086956521739,14.695652173913,13.9608695652174,-3.96189547366785,2.3
有望突破,20.0,19.0,6.17398993173929,8.69565217391304,8.26086956521739,14.695652173913,13.9608695652174,-3.96189547366785,2.3
炫耀,20.0,18.0,6.22802063762011,8.69565217391304,7.82608695652174,14.695652173913,13.2260869565217,-3.96189547366785,2.3
聯友金屬,20.0,3.0,8.0185700059163,8.69565217391304,1.30434782608696,14.695652173913,2.20434782608696,-3.96189547366785,2.3
支付保護費,20.0,18.0,6.22802063762011,8.69565217391304,7.82608695652174,14.695652173913,13.2260869565217,-3.96189547366785,2.3
套牢區,20.0,16.0,6.3457241261254,8.69565217391304,6.95652173913043,14.695652173913,11.7565217391304,-3.96189547366785,2.3
旗艦動能指數,20.0,8.0,7.03840317574282,8.69565217391304,3.47826086956522,14.695652173913,5.87826086956522,-3.96189547366785,2.3
持續站穩,20.0,16.0,6.3457241261254,8.69565217391304,6.95652173913043,14.695652173913,11.7565217391304,-3.96189547366785,2.3
交易情況,20.0,20.0,6.12273127931368,8.69565217391304,8.69565217391304,14.695652173913,14.695652173913,-3.96189547366785,2.3
快跑,20.0,18.0,6.22802063762011,8.69565217391304,7.82608695652174,14.695652173913,13.2260869565217,-3.96189547366785,2.3
卡特,20.0,18.0,6.22802063762011,8.69565217391304,7.82608695652174,14.695652173913,13.2260869565217,-3.96189547366785,2.3
英特爾台積電,20.0,11.0,6.72016451878095,8.69565217391304,4.78260869565217,14.695652173913,8.08260869565217,-3.96189547366785,2.3
成精,20.0,8.0,7.03840317574282,8.69565217391304,3.47826086956522,14.695652173913,5.87826086956522,-3.96189547366785,2.3
美國上市,20.0,16.0,6.3457241261254,8.69565217391304,6.95652173913043,14.695652173913,11.7565217391304,-3.96189547366785,2.3
彩頭,20.0,17.0,6.28514044837128,8.69565217391304,7.39130434782609,14.695652173913,12.4913043478261,-3.96189547366785,2.3
奧特曼,19.0,5.0,7.43540316288061,8.26086956521739,2.17391304347826,13.9608695652174,3.67391304347826,-3.96189547366785,2.3
中國晶片禁令,19.0,18.0,6.16772683603809,8.26086956521739,7.82608695652174,13.9608695652174,13.2260869565217,-3.96189547366785,2.3
上修目標,19.0,7.0,7.10241337537866,8.26086956521739,3.04347826086956,13.9608695652174,5.14347826086957,-3.96189547366785,2.3
產業革命,19.0,11.0,6.65510624590909,8.26086956521739,4.78260869565217,13.9608695652174,8.08260869565217,-3.96189547366785,2.3
派遣,19.0,17.0,6.22429366684006,8.26086956521739,7.39130434782609,13.9608695652174,12.4913043478261,-3.96189547366785,2.3
東證期貨,19.0,19.0,6.11421920431667,8.26086956521739,8.26086956521739,13.9608695652174,13.9608695652174,-3.96189547366785,2.3
晶片領域,19.0,18.0,6.16772683603809,8.26086956521739,7.82608695652174,13.9608695652174,13.2260869565217,-3.96189547366785,2.3
笑話,19.0,14.0,6.41644018876455,8.26086956521739,6.08695652173913,13.9608695652174,10.2869565217391,-3.96189547366785,2.3
機率大增,19.0,18.0,6.16772683603809,8.26086956521739,7.82608695652174,13.9608695652174,13.2260869565217,-3.96189547366785,2.3
消息帶,19.0,19.0,6.11421920431667,8.26086956521739,8.26086956521739,13.9608695652174,13.9608695652174,-3.96189547366785,2.3
蘋果股票,19.0,11.0,6.65510624590909,8.26086956521739,4.78260869565217,13.9608695652174,8.08260869565217,-3.96189547366785,2.3
生產指數,19.0,9.0,6.8537000226522,8.26086956521739,3.91304347826087,13.9608695652174,6.61304347826087,-3.96189547366785,2.3
作風,19.0,18.0,6.16772683603809,8.26086956521739,7.82608695652174,13.9608695652174,13.2260869565217,-3.96189547366785,2.3
蘇姿丰訪台,19.0,14.0,6.41644018876455,8.26086956521739,6.08695652173913,13.9608695652174,10.2869565217391,-3.96189547366785,2.3
囤房稅,19.0,13.0,6.48978115189266,8.26086956521739,5.65217391304348,13.9608695652174,9.55217391304348,-3.96189547366785,2.3
勞基法,19.0,8.0,6.97026401737699,8.26086956521739,3.47826086956522,13.9608695652174,5.87826086956522,-3.96189547366785,2.3
台股受惠,19.0,19.0,6.11421920431667,8.26086956521739,8.26086956521739,13.9608695652174,13.9608695652174,-3.96189547366785,2.3
賠償,19.0,8.0,6.97026401737699,8.26086956521739,3.47826086956522,13.9608695652174,5.87826086956522,-3.96189547366785,2.3
營收增長,19.0,17.0,6.22429366684006,8.26086956521739,7.39130434782609,13.9608695652174,12.4913043478261,-3.96189547366785,2.3
需求強勁,19.0,18.0,6.16772683603809,8.26086956521739,7.82608695652174,13.9608695652174,13.2260869565217,-3.96189547366785,2.3
許正宗,19.0,6.0,7.25496861332165,8.26086956521739,2.60869565217391,13.9608695652174,4.40869565217391,-3.96189547366785,2.3
整體產能,19.0,15.0,6.34816138559705,8.26086956521739,6.52173913043478,13.9608695652174,11.0217391304348,-3.96189547366785,2.3
維持多方,19.0,16.0,6.28429083076288,8.26086956521739,6.95652173913043,13.9608695652174,11.7565217391304,-3.96189547366785,2.3
通話,19.0,18.0,6.16772683603809,8.26086956521739,7.82608695652174,13.9608695652174,13.2260869565217,-3.96189547366785,2.3
樂觀期待,19.0,17.0,6.22429366684006,8.26086956521739,7.39130434782609,13.9608695652174,12.4913043478261,-3.96189547366785,2.3
中研院,19.0,9.0,6.8537000226522,8.26086956521739,3.91304347826087,13.9608695652174,6.61304347826087,-3.96189547366785,2.3
蔡明翰指出,19.0,18.0,6.16772683603809,8.26086956521739,7.82608695652174,13.9608695652174,13.2260869565217,-3.96189547366785,2.3
目標價調升,19.0,16.0,6.28429083076288,8.26086956521739,6.95652173913043,13.9608695652174,11.7565217391304,-3.96189547366785,2.3
未來半導體,19.0,17.0,6.22429366684006,8.26086956521739,7.39130434782609,13.9608695652174,12.4913043478261,-3.96189547366785,2.3
發元現金股利,19.0,17.0,6.22429366684006,8.26086956521739,7.39130434782609,13.9608695652174,12.4913043478261,-3.96189547366785,2.3
美光科技,19.0,10.0,6.7494299762665,8.26086956521739,4.34782608695652,13.9608695652174,7.34782608695652,-3.96189547366785,2.3
川普受訪,19.0,16.0,6.28429083076288,8.26086956521739,6.95652173913043,13.9608695652174,11.7565217391304,-3.96189547366785,2.3
美系投資人,19.0,12.0,6.56899542670754,8.26086956521739,5.21739130434783,13.9608695652174,8.81739130434783,-3.96189547366785,2.3
創下收盤新高,19.0,15.0,6.34816138559705,8.26086956521739,6.52173913043478,13.9608695652174,11.0217391304348,-3.96189547366785,2.3
狂噴,19.0,18.0,6.16772683603809,8.26086956521739,7.82608695652174,13.9608695652174,13.2260869565217,-3.96189547366785,2.3
添動能,19.0,17.0,6.22429366684006,8.26086956521739,7.39130434782609,13.9608695652174,12.4913043478261,-3.96189547366785,2.3
台積電提供,19.0,14.0,6.41644018876455,8.26086956521739,6.08695652173913,13.9608695652174,10.2869565217391,-3.96189547366785,2.3
機組跳機,19.0,8.0,6.97026401737699,8.26086956521739,3.47826086956522,13.9608695652174,5.87826086956522,-3.96189547366785,2.3
停開,19.0,17.0,6.22429366684006,8.26086956521739,7.39130434782609,13.9608695652174,12.4913043478261,-3.96189547366785,2.3
台積電領先,19.0,16.0,6.28429083076288,8.26086956521739,6.95652173913043,13.9608695652174,11.7565217391304,-3.96189547366785,2.3
生醫類,19.0,14.0,6.41644018876455,8.26086956521739,6.08695652173913,13.9608695652174,10.2869565217391,-3.96189547366785,2.3
條件下不再考,19.0,11.0,6.65510624590909,8.26086956521739,4.78260869565217,13.9608695652174,8.08260869565217,-3.96189547366785,2.3
華碩微星,19.0,16.0,6.28429083076288,8.26086956521739,6.95652173913043,13.9608695652174,11.7565217391304,-3.96189547366785,2.3
柯文哲,19.0,6.0,7.25496861332165,8.26086956521739,2.60869565217391,13.9608695652174,4.40869565217391,-3.96189547366785,2.3
拉警報,19.0,17.0,6.22429366684006,8.26086956521739,7.39130434782609,13.9608695652174,12.4913043478261,-3.96189547366785,2.3
鋼鐵航運,19.0,19.0,6.11421920431667,8.26086956521739,8.26086956521739,13.9608695652174,13.9608695652174,-3.96189547366785,2.3
地震發生,19.0,10.0,6.7494299762665,8.26086956521739,4.34782608695652,13.9608695652174,7.34782608695652,-3.96189547366785,2.3
今天成交值,19.0,15.0,6.34816138559705,8.26086956521739,6.52173913043478,13.9608695652174,11.0217391304348,-3.96189547366785,2.3
美股延續,19.0,14.0,6.41644018876455,8.26086956521739,6.08695652173913,13.9608695652174,10.2869565217391,-3.96189547366785,2.3
友輝,19.0,4.0,7.6562372039911,8.26086956521739,1.73913043478261,13.9608695652174,2.93913043478261,-3.96189547366785,2.3
供應鏈消息,19.0,19.0,6.11421920431667,8.26086956521739,8.26086956521739,13.9608695652174,13.9608695652174,-3.96189547366785,2.3
子領域,19.0,19.0,6.11421920431667,8.26086956521739,8.26086956521739,13.9608695652174,13.9608695652174,-3.96189547366785,2.3
相關商機,19.0,19.0,6.11421920431667,8.26086956521739,8.26086956521739,13.9608695652174,13.9608695652174,-3.96189547366785,2.3
頭期款,19.0,12.0,6.56899542670754,8.26086956521739,5.21739130434783,13.9608695652174,8.81739130434783,-3.96189547366785,2.3
中裕,19.0,17.0,6.22429366684006,8.26086956521739,7.39130434782609,13.9608695652174,12.4913043478261,-3.96189547366785,2.3
通訊產品,19.0,19.0,6.11421920431667,8.26086956521739,8.26086956521739,13.9608695652174,13.9608695652174,-3.96189547366785,2.3
兆豐金中信金,19.0,19.0,6.11421920431667,8.26086956521739,8.26086956521739,13.9608695652174,13.9608695652174,-3.96189547366785,2.3
基層,19.0,12.0,6.56899542670754,8.26086956521739,5.21739130434783,13.9608695652174,8.81739130434783,-3.96189547366785,2.3
法說行情,19.0,17.0,6.22429366684006,19.1304347826087,16.9565217391304,-0.000889328063241103,0.000111482720178378,-4.32251115931608,1.0025641025641
川普執政,19.0,18.0,6.16772683603809,8.26086956521739,7.82608695652174,13.9608695652174,13.2260869565217,-3.96189547366785,2.3
川普表示,19.0,18.0,6.16772683603809,8.26086956521739,7.82608695652174,13.9608695652174,13.2260869565217,-3.96189547366785,2.3
微星技嘉,18.0,15.0,6.28274764981573,7.82608695652174,6.52173913043478,13.2260869565217,11.0217391304348,-3.96189547366785,2.3
階梯式,18.0,18.0,6.10417236268471,7.82608695652174,7.82608695652174,13.2260869565217,13.2260869565217,-3.96189547366785,2.3
通膨下降,18.0,17.0,6.1601563085379,7.82608695652174,7.39130434782609,13.2260869565217,12.4913043478261,-3.96189547366785,2.3
翻黑盤,18.0,17.0,6.1601563085379,7.82608695652174,7.39130434782609,13.2260869565217,12.4913043478261,-3.96189547366785,2.3
通訊廠,18.0,17.0,6.1601563085379,7.82608695652174,7.39130434782609,13.2260869565217,12.4913043478261,-3.96189547366785,2.3
本業獲利,18.0,14.0,6.35032288366315,7.82608695652174,6.08695652173913,13.2260869565217,10.2869565217391,-3.96189547366785,2.3
當選總統,18.0,17.0,6.1601563085379,7.82608695652174,7.39130434782609,13.2260869565217,12.4913043478261,-3.96189547366785,2.3
台積電擴廠,18.0,16.0,6.21953524012697,7.82608695652174,6.95652173913043,13.2260869565217,11.7565217391304,-3.96189547366785,2.3
台新金華,18.0,18.0,6.10417236268471,7.82608695652174,7.82608695652174,13.2260869565217,13.2260869565217,-3.96189547366785,2.3
住房,18.0,17.0,6.1601563085379,7.82608695652174,7.39130434782609,13.2260869565217,12.4913043478261,-3.96189547366785,2.3
保持樂觀,18.0,17.0,6.1601563085379,7.82608695652174,7.39130434782609,13.2260869565217,12.4913043478261,-3.96189547366785,2.3
收益分配,18.0,13.0,6.42290811515613,7.82608695652174,5.65217391304348,13.2260869565217,9.55217391304348,-3.96189547366785,2.3
緊缺,18.0,17.0,6.1601563085379,7.82608695652174,7.39130434782609,13.2260869565217,12.4913043478261,-3.96189547366785,2.3
基隆,18.0,12.0,6.50130613762201,7.82608695652174,5.21739130434783,13.2260869565217,8.81739130434783,-3.96189547366785,2.3
止向中國,18.0,17.0,6.1601563085379,7.82608695652174,7.39130434782609,13.2260869565217,12.4913043478261,-3.96189547366785,2.3
國民年金,18.0,3.0,7.8591154824867,7.82608695652174,1.30434782608696,13.2260869565217,2.20434782608696,-3.96189547366785,2.3
聯合健康,18.0,17.0,6.1601563085379,7.82608695652174,7.39130434782609,13.2260869565217,12.4913043478261,-3.96189547366785,2.3
測底,18.0,14.0,6.35032288366315,7.82608695652174,6.08695652173913,13.2260869565217,10.2869565217391,-3.96189547366785,2.3
美國支付保護,18.0,16.0,6.21953524012697,7.82608695652174,6.95652173913043,13.2260869565217,11.7565217391304,-3.96189547366785,2.3
貿易限制,18.0,15.0,6.28274764981573,7.82608695652174,6.52173913043478,13.2260869565217,11.0217391304348,-3.96189547366785,2.3
鐘崑禎,18.0,6.0,7.18021081005435,7.82608695652174,2.60869565217391,13.2260869565217,4.40869565217391,-3.96189547366785,2.3
林淑真,18.0,5.0,7.35878609718538,7.82608695652174,2.17391304347826,13.2260869565217,3.67391304347826,-3.96189547366785,2.3
執行長蔡力行,18.0,17.0,6.1601563085379,7.82608695652174,7.39130434782609,13.2260869565217,12.4913043478261,-3.96189547366785,2.3
未來降息,18.0,17.0,6.1601563085379,7.82608695652174,7.39130434782609,13.2260869565217,12.4913043478261,-3.96189547366785,2.3
國家經濟,18.0,15.0,6.28274764981573,7.82608695652174,6.52173913043478,13.2260869565217,11.0217391304348,-3.96189547366785,2.3
人力銀行,18.0,6.0,7.18021081005435,7.82608695652174,2.60869565217391,13.2260869565217,4.40869565217391,-3.96189547366785,2.3
採用架構,18.0,13.0,6.42290811515613,7.82608695652174,5.65217391304348,13.2260869565217,9.55217391304348,-3.96189547366785,2.3
滿血,18.0,12.0,6.50130613762201,7.82608695652174,5.21739130434783,13.2260869565217,8.81739130434783,-3.96189547366785,2.3
管制晶片,18.0,13.0,6.42290811515613,7.82608695652174,5.65217391304348,13.2260869565217,9.55217391304348,-3.96189547366785,2.3
聯成,18.0,18.0,6.10417236268471,7.82608695652174,7.82608695652174,13.2260869565217,13.2260869565217,-3.96189547366785,2.3
丁學文,18.0,1.0,8.93515392985634,7.82608695652174,0.434782608695652,13.2260869565217,0.734782608695652,-3.96189547366785,2.3
美國保護費,18.0,16.0,6.21953524012697,7.82608695652174,6.95652173913043,13.2260869565217,11.7565217391304,-3.96189547366785,2.3
勤崴,18.0,2.0,8.256249257424,7.82608695652174,0.869565217391304,13.2260869565217,1.4695652173913,-3.96189547366785,2.3
張甄薇,18.0,5.0,7.35878609718538,7.82608695652174,2.17391304347826,13.2260869565217,3.67391304347826,-3.96189547366785,2.3
天使投資,18.0,8.0,6.89843991255931,7.82608695652174,3.47826086956522,13.2260869565217,5.87826086956522,-3.96189547366785,2.3
石川縣,18.0,7.0,7.02922755609549,7.82608695652174,3.04347826086956,13.2260869565217,5.14347826086957,-3.96189547366785,2.3
轉倉,18.0,13.0,6.42290811515613,7.82608695652174,5.65217391304348,13.2260869565217,9.55217391304348,-3.96189547366785,2.3
讀書,18.0,13.0,6.42290811515613,7.82608695652174,5.65217391304348,13.2260869565217,9.55217391304348,-3.96189547366785,2.3
上市以來,18.0,17.0,6.1601563085379,7.82608695652174,7.39130434782609,13.2260869565217,12.4913043478261,-3.96189547366785,2.3
可望持續受惠,18.0,18.0,6.10417236268471,7.82608695652174,7.82608695652174,13.2260869565217,13.2260869565217,-3.96189547366785,2.3
全球小型指數,18.0,11.0,6.58652964000329,7.82608695652174,4.78260869565217,13.2260869565217,8.08260869565217,-3.96189547366785,2.3
期日均,18.0,16.0,6.21953524012697,7.82608695652174,6.95652173913043,13.2260869565217,11.7565217391304,-3.96189547366785,2.3
未平倉淨空單,18.0,16.0,6.21953524012697,7.82608695652174,6.95652173913043,13.2260869565217,11.7565217391304,-3.96189547366785,2.3
封裝產能吃緊,18.0,17.0,6.1601563085379,7.82608695652174,7.39130434782609,13.2260869565217,12.4913043478261,-3.96189547366785,2.3
弱點,18.0,12.0,6.50130613762201,7.82608695652174,5.21739130434783,13.2260869565217,8.81739130434783,-3.96189547366785,2.3
台灣光罩,18.0,2.0,8.256249257424,7.82608695652174,0.869565217391304,13.2260869565217,1.4695652173913,-3.96189547366785,2.3
製程訂單,18.0,17.0,6.1601563085379,7.82608695652174,7.39130434782609,13.2260869565217,12.4913043478261,-3.96189547366785,2.3
降低投資,18.0,14.0,6.35032288366315,7.82608695652174,6.08695652173913,13.2260869565217,10.2869565217391,-3.96189547366785,2.3
綠能產業,18.0,18.0,6.10417236268471,7.82608695652174,7.82608695652174,13.2260869565217,13.2260869565217,-3.96189547366785,2.3
復原率,18.0,11.0,6.58652964000329,7.82608695652174,4.78260869565217,13.2260869565217,8.08260869565217,-3.96189547366785,2.3
多變數,18.0,16.0,6.21953524012697,7.82608695652174,6.95652173913043,13.2260869565217,11.7565217391304,-3.96189547366785,2.3
懲罰,18.0,11.0,6.58652964000329,7.82608695652174,4.78260869565217,13.2260869565217,8.08260869565217,-3.96189547366785,2.3
工作天數減少,18.0,16.0,6.21953524012697,7.82608695652174,6.95652173913043,13.2260869565217,11.7565217391304,-3.96189547366785,2.3
分擔,18.0,10.0,6.67988142475304,7.82608695652174,4.34782608695652,13.2260869565217,7.34782608695652,-3.96189547366785,2.3
地下水,18.0,2.0,8.256249257424,7.82608695652174,0.869565217391304,13.2260869565217,1.4695652173913,-3.96189547366785,2.3
升溫美國,18.0,15.0,6.28274764981573,7.82608695652174,6.52173913043478,13.2260869565217,11.0217391304348,-3.96189547366785,2.3
共同研發,18.0,13.0,6.42290811515613,7.82608695652174,5.65217391304348,13.2260869565217,9.55217391304348,-3.96189547366785,2.3
台積電前董事,18.0,16.0,6.21953524012697,7.82608695652174,6.95652173913043,13.2260869565217,11.7565217391304,-3.96189547366785,2.3
總統川普上任,18.0,17.0,6.1601563085379,7.82608695652174,7.39130434782609,13.2260869565217,12.4913043478261,-3.96189547366785,2.3
感測元件,18.0,12.0,6.50130613762201,7.82608695652174,5.21739130434783,13.2260869565217,8.81739130434783,-3.96189547366785,2.3
晶片測試,18.0,8.0,6.89843991255931,7.82608695652174,3.47826086956522,13.2260869565217,5.87826086956522,-3.96189547366785,2.3
